addressId,houseNo,street,areaId,pincode
AD00001,51-18,Street_54,A001,520002
AD00002,115-19,Street_36,A002,520001
AD00003,195-6,Street_55,A003,522001
AD00004,72-5,Street_28,A004,522001
AD00005,27-3,Street_49,A005,520001
AD00006,92-12,Street_78,A006,522001
AD00007,12-15,Street_69,A007,520001
AD00008,97-3,Street_71,A008,522001
AD00009,161-20,Street_47,A009,520002
AD00010,181-3,Street_6,A010,520002
AD00011,198-10,Street_11,A011,520002
AD00012,26-13,Street_36,A012,522002
AD00013,163-12,Street_21,A013,522001
AD00014,91-7,Street_35,A014,520001
AD00015,156-6,Street_69,A015,520002
AD00016,42-15,Street_49,A016,522001
AD00017,164-18,Street_29,A017,522001
AD00018,197-2,Street_30,A018,520001
AD00019,81-13,Street_35,A019,520001
AD00020,55-19,Street_41,A020,520002
AD00021,168-16,Street_51,A021,522002
AD00022,37-9,Street_18,A022,520002
AD00023,191-18,Street_69,A023,522001
AD00024,192-19,Street_55,A024,522002
AD00025,93-8,Street_18,A025,522002
AD00026,24-2,Street_15,A026,520002
AD00027,161-6,Street_55,A027,520001
AD00028,99-13,Street_77,A028,522002
AD00029,136-9,Street_71,A029,520001
AD00030,175-4,Street_69,A030,522001
AD00031,197-11,Street_15,A031,522001
AD00032,112-6,Street_59,A032,520001
AD00033,185-9,Street_65,A033,520002
AD00034,130-4,Street_39,A034,520002
AD00035,40-12,Street_21,A035,520001
AD00036,154-11,Street_63,A036,520001
AD00037,29-12,Street_40,A037,520002
AD00038,15-8,Street_73,A038,520001
AD00039,22-16,Street_9,A039,520002
AD00040,33-16,Street_71,A040,520002
AD00041,68-17,Street_78,A041,522002
AD00042,55-18,Street_26,A042,522001
AD00043,103-12,Street_57,A043,522002
AD00044,31-8,Street_29,A044,520001
AD00045,87-1,Street_76,A045,520002
AD00046,151-8,Street_1,A046,520001
AD00047,182-2,Street_30,A047,520001
AD00048,9-11,Street_10,A048,520002
AD00049,72-16,Street_28,A049,520002
AD00050,186-19,Street_74,A050,522002
AD00051,63-16,Street_53,A051,520002
AD00052,25-4,Street_56,A052,522001
AD00053,109-14,Street_60,A053,520001
AD00054,173-4,Street_8,A054,522002
AD00055,187-11,Street_14,A055,520002
AD00056,50-7,Street_69,A056,522002
AD00057,36-14,Street_24,A057,522001
AD00058,119-8,Street_10,A058,522002
AD00059,141-4,Street_7,A059,520001
AD00060,24-8,Street_22,A060,522002
AD00061,125-16,Street_28,A061,522002
AD00062,16-6,Street_49,A062,520001
AD00063,100-9,Street_59,A063,522001
AD00064,109-18,Street_63,A064,520002
AD00065,49-10,Street_28,A065,520001
AD00066,149-18,Street_8,A066,522001
AD00067,15-2,Street_75,A067,522002
AD00068,129-17,Street_21,A068,520001
AD00069,131-3,Street_24,A069,520001
AD00070,153-3,Street_31,A070,522002
AD00071,31-19,Street_32,A071,520001
AD00072,159-3,Street_54,A072,522001
AD00073,67-7,Street_41,A073,520002
AD00074,68-13,Street_17,A074,522001
AD00075,118-11,Street_10,A075,520001
AD00076,118-20,Street_73,A076,520001
AD00077,19-18,Street_28,A077,522001
AD00078,34-12,Street_9,A078,520002
AD00079,95-10,Street_21,A079,522002
AD00080,140-10,Street_79,A080,520001
AD00081,171-18,Street_39,A081,520001
AD00082,35-9,Street_15,A082,520001
AD00083,191-18,Street_20,A083,522001
AD00084,73-20,Street_27,A084,522001
AD00085,53-9,Street_65,A085,522002
AD00086,65-2,Street_12,A086,522002
AD00087,71-2,Street_1,A087,522001
AD00088,198-5,Street_34,A088,520002
AD00089,190-15,Street_71,A089,522002
AD00090,144-1,Street_15,A090,520001
AD00091,177-5,Street_70,A091,520001
AD00092,95-19,Street_71,A092,520002
AD00093,111-5,Street_6,A093,522001
AD00094,94-2,Street_46,A094,520002
AD00095,175-8,Street_14,A095,522001
AD00096,200-18,Street_53,A096,520002
AD00097,61-6,Street_23,A097,522002
AD00098,7-6,Street_43,A098,522002
AD00099,172-8,Street_35,A099,520002
AD00100,180-4,Street_49,A100,520001
AD00101,121-8,Street_26,A001,522002
AD00102,90-10,Street_30,A002,520002
AD00103,7-7,Street_52,A003,522001
AD00104,72-3,Street_36,A004,522001
AD00105,165-17,Street_52,A005,522001
AD00106,8-4,Street_34,A006,520002
AD00107,149-9,Street_5,A007,520001
AD00108,153-14,Street_45,A008,522001
AD00109,112-20,Street_66,A009,520001
AD00110,99-19,Street_25,A010,522001
AD00111,12-14,Street_1,A011,520002
AD00112,94-14,Street_9,A012,522001
AD00113,160-11,Street_16,A013,522001
AD00114,130-10,Street_53,A014,522001
AD00115,104-10,Street_71,A015,520002
AD00116,50-14,Street_49,A016,520002
AD00117,158-19,Street_39,A017,522002
AD00118,141-1,Street_39,A018,522001
AD00119,54-14,Street_75,A019,522001
AD00120,120-15,Street_57,A020,520002
AD00121,131-16,Street_22,A021,520001
AD00122,73-17,Street_80,A022,522001
AD00123,24-8,Street_40,A023,520002
AD00124,51-5,Street_4,A024,520001
AD00125,63-16,Street_79,A025,520001
AD00126,117-14,Street_74,A026,520002
AD00127,184-13,Street_64,A027,522002
AD00128,63-5,Street_1,A028,520001
AD00129,200-14,Street_29,A029,520002
AD00130,179-17,Street_60,A030,520001
AD00131,143-8,Street_16,A031,522002
AD00132,35-15,Street_68,A032,522001
AD00133,194-15,Street_79,A033,522002
AD00134,141-15,Street_21,A034,522002
AD00135,116-9,Street_32,A035,522001
AD00136,197-17,Street_63,A036,520002
AD00137,71-15,Street_10,A037,522001
AD00138,61-9,Street_43,A038,522001
AD00139,139-3,Street_18,A039,520002
AD00140,60-13,Street_20,A040,520002
AD00141,17-14,Street_53,A041,522001
AD00142,139-15,Street_54,A042,520001
AD00143,53-14,Street_50,A043,520001
AD00144,196-19,Street_49,A044,522002
AD00145,2-12,Street_39,A045,522002
AD00146,108-18,Street_70,A046,520002
AD00147,125-8,Street_35,A047,522002
AD00148,125-1,Street_50,A048,522001
AD00149,172-13,Street_22,A049,522002
AD00150,33-20,Street_69,A050,520001
AD00151,101-19,Street_73,A051,520001
AD00152,22-14,Street_18,A052,522002
AD00153,47-2,Street_34,A053,522002
AD00154,84-7,Street_59,A054,522001
AD00155,87-13,Street_36,A055,522002
AD00156,65-3,Street_61,A056,520001
AD00157,192-18,Street_7,A057,522001
AD00158,58-3,Street_6,A058,520001
AD00159,64-7,Street_3,A059,520002
AD00160,62-5,Street_61,A060,520001
AD00161,145-7,Street_60,A061,522001
AD00162,197-12,Street_22,A062,520001
AD00163,200-6,Street_40,A063,520001
AD00164,149-1,Street_40,A064,522002
AD00165,102-7,Street_10,A065,520002
AD00166,27-10,Street_77,A066,520001
AD00167,145-2,Street_45,A067,522002
AD00168,170-12,Street_9,A068,522001
AD00169,4-14,Street_63,A069,520001
AD00170,111-12,Street_59,A070,520002
AD00171,112-6,Street_67,A071,522001
AD00172,158-18,Street_62,A072,522002
AD00173,112-19,Street_35,A073,522001
AD00174,63-3,Street_36,A074,522002
AD00175,63-15,Street_73,A075,522002
AD00176,87-1,Street_64,A076,522001
AD00177,47-16,Street_28,A077,522001
AD00178,67-11,Street_36,A078,522001
AD00179,143-1,Street_67,A079,520002
AD00180,22-8,Street_53,A080,522002
AD00181,143-8,Street_61,A081,522002
AD00182,115-1,Street_12,A082,522001
AD00183,57-13,Street_32,A083,522001
AD00184,170-19,Street_48,A084,522002
AD00185,142-17,Street_45,A085,522002
AD00186,191-18,Street_43,A086,522001
AD00187,180-15,Street_35,A087,522001
AD00188,65-8,Street_16,A088,520002
AD00189,81-4,Street_69,A089,520002
AD00190,50-7,Street_62,A090,522001
AD00191,186-19,Street_68,A091,522001
AD00192,26-7,Street_38,A092,520002
AD00193,93-6,Street_39,A093,520001
AD00194,182-18,Street_17,A094,522001
AD00195,12-2,Street_71,A095,522001
AD00196,179-5,Street_63,A096,520001
AD00197,4-19,Street_37,A097,522002
AD00198,123-15,Street_44,A098,520002
AD00199,14-9,Street_62,A099,520001
AD00200,17-13,Street_63,A100,520001
AD00201,148-2,Street_20,A001,520002
AD00202,145-10,Street_11,A002,520002
AD00203,31-18,Street_54,A003,520002
AD00204,199-17,Street_49,A004,522002
AD00205,114-10,Street_76,A005,522002
AD00206,79-19,Street_80,A006,520001
AD00207,157-4,Street_27,A007,520002
AD00208,68-3,Street_21,A008,520002
AD00209,45-18,Street_10,A009,520002
AD00210,1-14,Street_58,A010,522002
AD00211,75-2,Street_30,A011,522001
AD00212,181-10,Street_59,A012,520001
AD00213,176-8,Street_34,A013,520002
AD00214,109-4,Street_70,A014,520002
AD00215,166-5,Street_35,A015,520002
AD00216,19-2,Street_22,A016,522001
AD00217,153-19,Street_37,A017,522002
AD00218,32-15,Street_39,A018,522002
AD00219,70-17,Street_70,A019,522002
AD00220,113-3,Street_77,A020,520001
AD00221,111-11,Street_78,A021,522001
AD00222,7-3,Street_30,A022,520001
AD00223,196-9,Street_74,A023,520001
AD00224,196-6,Street_61,A024,522002
AD00225,72-6,Street_75,A025,522002
AD00226,163-16,Street_12,A026,522002
AD00227,90-14,Street_43,A027,522001
AD00228,172-4,Street_21,A028,522001
AD00229,106-16,Street_37,A029,522002
AD00230,195-18,Street_5,A030,522002
AD00231,23-11,Street_33,A031,522001
AD00232,30-13,Street_66,A032,520001
AD00233,169-18,Street_60,A033,522002
AD00234,14-7,Street_67,A034,522001
AD00235,160-16,Street_57,A035,520001
AD00236,53-9,Street_71,A036,520002
AD00237,74-15,Street_63,A037,520001
AD00238,8-20,Street_31,A038,520002
AD00239,80-18,Street_2,A039,522002
AD00240,24-8,Street_15,A040,522002
AD00241,31-5,Street_64,A041,522001
AD00242,131-9,Street_54,A042,522002
AD00243,121-8,Street_59,A043,520002
AD00244,99-7,Street_77,A044,520002
AD00245,18-9,Street_54,A045,522001
AD00246,130-9,Street_1,A046,522001
AD00247,186-10,Street_76,A047,522002
AD00248,39-15,Street_69,A048,522002
AD00249,89-11,Street_71,A049,522002
AD00250,117-11,Street_25,A050,520002
AD00251,147-13,Street_30,A051,522002
AD00252,12-11,Street_61,A052,522002
AD00253,99-5,Street_64,A053,520001
AD00254,33-17,Street_76,A054,522001
AD00255,26-15,Street_13,A055,522002
AD00256,4-5,Street_53,A056,520002
AD00257,20-16,Street_34,A057,522001
AD00258,160-13,Street_11,A058,522001
AD00259,173-18,Street_49,A059,522001
AD00260,161-16,Street_70,A060,520001
AD00261,159-3,Street_31,A061,522001
AD00262,59-3,Street_56,A062,520001
AD00263,195-4,Street_57,A063,520002
AD00264,178-10,Street_4,A064,520001
AD00265,84-2,Street_38,A065,522001
AD00266,96-14,Street_19,A066,520002
AD00267,136-14,Street_73,A067,520002
AD00268,44-6,Street_11,A068,522002
AD00269,159-8,Street_64,A069,520002
AD00270,60-15,Street_33,A070,522002
AD00271,66-1,Street_60,A071,522001
AD00272,174-18,Street_21,A072,520001
AD00273,114-12,Street_76,A073,522001
AD00274,164-14,Street_33,A074,522002
AD00275,78-7,Street_50,A075,522002
AD00276,28-8,Street_49,A076,522001
AD00277,148-10,Street_38,A077,520001
AD00278,169-13,Street_36,A078,520001
AD00279,145-2,Street_78,A079,522002
AD00280,74-8,Street_78,A080,522001
AD00281,57-7,Street_80,A081,522001
AD00282,174-5,Street_13,A082,520001
AD00283,80-15,Street_5,A083,522001
AD00284,188-5,Street_12,A084,522001
AD00285,84-14,Street_23,A085,520002
AD00286,34-18,Street_47,A086,522001
AD00287,43-9,Street_62,A087,522001
AD00288,192-11,Street_15,A088,522002
AD00289,20-5,Street_29,A089,522002
AD00290,143-12,Street_12,A090,522002
AD00291,4-9,Street_69,A091,520001
AD00292,117-12,Street_34,A092,522002
AD00293,164-12,Street_14,A093,520002
AD00294,121-1,Street_80,A094,522001
AD00295,157-8,Street_9,A095,522002
AD00296,180-10,Street_53,A096,520001
AD00297,36-2,Street_5,A097,522001
AD00298,127-4,Street_13,A098,520002
AD00299,138-5,Street_50,A099,522002
AD00300,95-18,Street_54,A100,520002
AD00301,107-4,Street_63,A001,522002
AD00302,72-2,Street_48,A002,520002
AD00303,114-15,Street_31,A003,522001
AD00304,26-12,Street_70,A004,522001
AD00305,16-13,Street_36,A005,520002
AD00306,32-15,Street_12,A006,520002
AD00307,165-20,Street_3,A007,520001
AD00308,86-8,Street_17,A008,520002
AD00309,18-18,Street_27,A009,520002
AD00310,60-11,Street_19,A010,520001
AD00311,71-5,Street_17,A011,522001
AD00312,45-4,Street_4,A012,520002
AD00313,4-12,Street_31,A013,522001
AD00314,5-6,Street_34,A014,520001
AD00315,33-14,Street_68,A015,520001
AD00316,191-3,Street_61,A016,522002
AD00317,200-12,Street_66,A017,520001
AD00318,116-17,Street_29,A018,520001
AD00319,187-17,Street_39,A019,522002
AD00320,165-1,Street_8,A020,522002
AD00321,103-14,Street_14,A021,522002
AD00322,183-15,Street_10,A022,520001
AD00323,83-20,Street_19,A023,520001
AD00324,33-9,Street_80,A024,522001
AD00325,98-20,Street_68,A025,522001
AD00326,117-17,Street_78,A026,522002
AD00327,26-4,Street_71,A027,520002
AD00328,111-15,Street_30,A028,522002
AD00329,87-15,Street_52,A029,522002
AD00330,187-4,Street_41,A030,522002
AD00331,81-9,Street_48,A031,520002
AD00332,176-16,Street_9,A032,520001
AD00333,22-3,Street_56,A033,520001
AD00334,191-12,Street_17,A034,520001
AD00335,151-18,Street_72,A035,522001
AD00336,172-4,Street_53,A036,522001
AD00337,171-14,Street_7,A037,522001
AD00338,154-10,Street_46,A038,520001
AD00339,148-17,Street_28,A039,520002
AD00340,169-16,Street_29,A040,520001
AD00341,90-18,Street_48,A041,520001
AD00342,196-9,Street_74,A042,520002
AD00343,110-18,Street_80,A043,520001
AD00344,156-9,Street_4,A044,520002
AD00345,70-10,Street_44,A045,522001
AD00346,2-6,Street_19,A046,522002
AD00347,18-5,Street_4,A047,520001
AD00348,192-17,Street_28,A048,522002
AD00349,108-15,Street_44,A049,520002
AD00350,95-10,Street_42,A050,520001
AD00351,14-5,Street_21,A051,520001
AD00352,173-3,Street_35,A052,522002
AD00353,170-14,Street_63,A053,522002
AD00354,107-9,Street_28,A054,520001
AD00355,89-14,Street_15,A055,522001
AD00356,174-19,Street_63,A056,522001
AD00357,12-8,Street_51,A057,520001
AD00358,2-7,Street_39,A058,520002
AD00359,197-5,Street_33,A059,522001
AD00360,84-4,Street_1,A060,522002
AD00361,192-14,Street_23,A061,520002
AD00362,98-18,Street_30,A062,522001
AD00363,19-13,Street_6,A063,522002
AD00364,5-15,Street_10,A064,522001
AD00365,148-14,Street_74,A065,522002
AD00366,182-14,Street_38,A066,520001
AD00367,104-1,Street_42,A067,520002
AD00368,159-15,Street_47,A068,520001
AD00369,112-4,Street_32,A069,522002
AD00370,151-13,Street_68,A070,520001
AD00371,102-10,Street_44,A071,520002
AD00372,86-6,Street_10,A072,520001
AD00373,136-17,Street_25,A073,522001
AD00374,90-5,Street_31,A074,520001
AD00375,38-9,Street_26,A075,520002
AD00376,155-5,Street_10,A076,520002
AD00377,198-16,Street_60,A077,522002
AD00378,175-19,Street_80,A078,522001
AD00379,161-11,Street_20,A079,522002
AD00380,18-16,Street_57,A080,522001
AD00381,71-19,Street_8,A081,522001
AD00382,130-3,Street_40,A082,522002
AD00383,116-2,Street_8,A083,522001
AD00384,74-3,Street_12,A084,522002
AD00385,119-19,Street_71,A085,520001
AD00386,116-19,Street_25,A086,522001
AD00387,155-16,Street_65,A087,520002
AD00388,16-15,Street_14,A088,522001
AD00389,183-3,Street_65,A089,520002
AD00390,11-8,Street_57,A090,522002
AD00391,135-17,Street_79,A091,520002
AD00392,94-12,Street_37,A092,522002
AD00393,105-11,Street_77,A093,520001
AD00394,162-11,Street_9,A094,522001
AD00395,25-18,Street_50,A095,522001
AD00396,65-20,Street_20,A096,522001
AD00397,21-19,Street_19,A097,522001
AD00398,80-13,Street_17,A098,520001
AD00399,80-18,Street_49,A099,522001
AD00400,33-17,Street_12,A100,522002
AD00401,131-12,Street_3,A001,522001
AD00402,80-6,Street_28,A002,522001
AD00403,197-16,Street_25,A003,520002
AD00404,36-5,Street_10,A004,522001
AD00405,26-17,Street_70,A005,520001
AD00406,170-11,Street_80,A006,520002
AD00407,153-13,Street_20,A007,520002
AD00408,47-20,Street_22,A008,522002
AD00409,12-14,Street_47,A009,520002
AD00410,114-20,Street_37,A010,522002
AD00411,60-18,Street_31,A011,522001
AD00412,121-7,Street_48,A012,522002
AD00413,119-10,Street_49,A013,522002
AD00414,42-7,Street_78,A014,520002
AD00415,65-2,Street_62,A015,522001
AD00416,142-4,Street_67,A016,520001
AD00417,73-3,Street_21,A017,522001
AD00418,116-17,Street_19,A018,522002
AD00419,24-8,Street_58,A019,522001
AD00420,7-14,Street_7,A020,522002
AD00421,129-12,Street_31,A021,522002
AD00422,21-12,Street_29,A022,520001
AD00423,82-4,Street_43,A023,520002
AD00424,36-2,Street_37,A024,522002
AD00425,179-5,Street_61,A025,522002
AD00426,158-1,Street_11,A026,520001
AD00427,66-7,Street_20,A027,522002
AD00428,29-10,Street_31,A028,522001
AD00429,32-2,Street_31,A029,522002
AD00430,164-20,Street_59,A030,520001
AD00431,29-16,Street_77,A031,520001
AD00432,162-17,Street_74,A032,520002
AD00433,184-5,Street_38,A033,522002
AD00434,1-20,Street_46,A034,520002
AD00435,147-14,Street_24,A035,520001
AD00436,135-12,Street_9,A036,520001
AD00437,100-16,Street_6,A037,522002
AD00438,96-9,Street_3,A038,522001
AD00439,18-12,Street_31,A039,520001
AD00440,198-19,Street_43,A040,520002
AD00441,12-12,Street_70,A041,522001
AD00442,165-6,Street_60,A042,522002
AD00443,162-6,Street_18,A043,520001
AD00444,184-15,Street_5,A044,522001
AD00445,52-2,Street_26,A045,520001
AD00446,81-10,Street_66,A046,522002
AD00447,140-16,Street_33,A047,520001
AD00448,193-7,Street_37,A048,522001
AD00449,200-2,Street_43,A049,522001
AD00450,32-12,Street_56,A050,522002
AD00451,191-15,Street_50,A051,522001
AD00452,48-16,Street_64,A052,522001
AD00453,133-9,Street_11,A053,522002
AD00454,21-14,Street_78,A054,520002
AD00455,140-10,Street_42,A055,520001
AD00456,21-11,Street_38,A056,522001
AD00457,115-20,Street_55,A057,520002
AD00458,177-15,Street_45,A058,522002
AD00459,11-12,Street_79,A059,522002
AD00460,71-2,Street_10,A060,522002
AD00461,94-17,Street_21,A061,520001
AD00462,37-20,Street_57,A062,520001
AD00463,33-3,Street_31,A063,522001
AD00464,93-13,Street_73,A064,520001
AD00465,155-5,Street_58,A065,522001
AD00466,96-15,Street_10,A066,520002
AD00467,136-12,Street_51,A067,522001
AD00468,167-9,Street_32,A068,520001
AD00469,7-6,Street_64,A069,522002
AD00470,144-4,Street_34,A070,522001
AD00471,181-15,Street_28,A071,522001
AD00472,178-16,Street_26,A072,520001
AD00473,35-3,Street_58,A073,520002
AD00474,183-15,Street_12,A074,522001
AD00475,171-12,Street_9,A075,522001
AD00476,77-6,Street_23,A076,522001
AD00477,131-8,Street_16,A077,520002
AD00478,36-8,Street_64,A078,520001
AD00479,93-18,Street_74,A079,522001
AD00480,120-18,Street_17,A080,520001
AD00481,17-10,Street_51,A081,522002
AD00482,135-14,Street_53,A082,520001
AD00483,33-11,Street_10,A083,522002
AD00484,120-17,Street_45,A084,520002
AD00485,200-18,Street_76,A085,520002
AD00486,197-5,Street_56,A086,520001
AD00487,32-17,Street_20,A087,522001
AD00488,43-6,Street_42,A088,520002
AD00489,89-17,Street_37,A089,520001
AD00490,65-7,Street_71,A090,522001
AD00491,33-10,Street_79,A091,520001
AD00492,129-6,Street_76,A092,520002
AD00493,44-20,Street_78,A093,522001
AD00494,145-2,Street_4,A094,520001
AD00495,12-19,Street_34,A095,520002
AD00496,197-19,Street_54,A096,520001
AD00497,128-18,Street_38,A097,522001
AD00498,124-8,Street_52,A098,522001
AD00499,117-3,Street_8,A099,520002
AD00500,113-14,Street_62,A100,522002
AD00501,53-11,Street_78,A001,520002
AD00502,81-11,Street_45,A002,522002
AD00503,34-12,Street_66,A003,520001
AD00504,82-8,Street_60,A004,520001
AD00505,69-15,Street_32,A005,520002
AD00506,25-2,Street_38,A006,522002
AD00507,158-14,Street_32,A007,520002
AD00508,84-19,Street_41,A008,520002
AD00509,196-6,Street_64,A009,522002
AD00510,128-10,Street_64,A010,520001
AD00511,24-13,Street_65,A011,522002
AD00512,62-7,Street_75,A012,522001
AD00513,13-2,Street_37,A013,522002
AD00514,153-16,Street_37,A014,520001
AD00515,28-14,Street_18,A015,522001
AD00516,187-12,Street_52,A016,522001
AD00517,12-13,Street_7,A017,520002
AD00518,93-18,Street_37,A018,520001
AD00519,99-17,Street_58,A019,522001
AD00520,160-20,Street_16,A020,520002
AD00521,25-13,Street_48,A021,522001
AD00522,143-12,Street_19,A022,520002
AD00523,155-17,Street_52,A023,520001
AD00524,12-2,Street_18,A024,522001
AD00525,122-17,Street_59,A025,520002
AD00526,156-17,Street_18,A026,522001
AD00527,157-11,Street_21,A027,522002
AD00528,158-10,Street_76,A028,522001
AD00529,130-17,Street_69,A029,522002
AD00530,182-19,Street_39,A030,522002
AD00531,5-12,Street_43,A031,520001
AD00532,107-19,Street_40,A032,520001
AD00533,153-16,Street_34,A033,520002
AD00534,185-2,Street_75,A034,522002
AD00535,44-17,Street_80,A035,522002
AD00536,38-8,Street_5,A036,520001
AD00537,49-1,Street_57,A037,522001
AD00538,108-5,Street_53,A038,520002
AD00539,106-17,Street_79,A039,522002
AD00540,189-2,Street_18,A040,520002
AD00541,144-11,Street_62,A041,522002
AD00542,81-6,Street_59,A042,522001
AD00543,140-12,Street_34,A043,522002
AD00544,50-8,Street_36,A044,522001
AD00545,58-10,Street_37,A045,520002
AD00546,177-16,Street_41,A046,522002
AD00547,90-18,Street_36,A047,522001
AD00548,32-19,Street_70,A048,522002
AD00549,102-12,Street_19,A049,522001
AD00550,11-10,Street_11,A050,522001
AD00551,114-9,Street_62,A051,520002
AD00552,52-18,Street_35,A052,522001
AD00553,36-4,Street_79,A053,520002
AD00554,63-2,Street_68,A054,520002
AD00555,164-8,Street_7,A055,520001
AD00556,106-11,Street_61,A056,520001
AD00557,175-5,Street_1,A057,520002
AD00558,105-16,Street_62,A058,520002
AD00559,194-10,Street_42,A059,522001
AD00560,166-2,Street_12,A060,520002
AD00561,137-2,Street_23,A061,522002
AD00562,46-2,Street_51,A062,522002
AD00563,48-10,Street_5,A063,520001
AD00564,77-19,Street_78,A064,520001
AD00565,86-10,Street_59,A065,522002
AD00566,35-17,Street_60,A066,522001
AD00567,50-4,Street_43,A067,520002
AD00568,188-15,Street_33,A068,520002
AD00569,4-11,Street_38,A069,520002
AD00570,45-20,Street_52,A070,522002
AD00571,132-11,Street_12,A071,522002
AD00572,172-4,Street_24,A072,520002
AD00573,123-11,Street_32,A073,520001
AD00574,67-13,Street_31,A074,522002
AD00575,193-9,Street_43,A075,522001
AD00576,150-19,Street_2,A076,522001
AD00577,168-12,Street_31,A077,520001
AD00578,171-4,Street_60,A078,522001
AD00579,41-13,Street_65,A079,522001
AD00580,177-4,Street_38,A080,522001
AD00581,158-8,Street_29,A081,520002
AD00582,123-5,Street_59,A082,522001
AD00583,107-18,Street_61,A083,520002
AD00584,196-8,Street_77,A084,520001
AD00585,135-15,Street_68,A085,522001
AD00586,20-19,Street_15,A086,520001
AD00587,141-17,Street_26,A087,520002
AD00588,43-11,Street_67,A088,522002
AD00589,30-7,Street_75,A089,522002
AD00590,24-17,Street_58,A090,520001
AD00591,117-5,Street_66,A091,522002
AD00592,117-19,Street_8,A092,522002
AD00593,173-10,Street_3,A093,522002
AD00594,66-1,Street_28,A094,520001
AD00595,12-14,Street_45,A095,520001
AD00596,139-2,Street_9,A096,522002
AD00597,9-10,Street_53,A097,520002
AD00598,197-5,Street_54,A098,522001
AD00599,98-15,Street_49,A099,522002
AD00600,21-18,Street_18,A100,522001
AD00601,31-6,Street_69,A001,522002
AD00602,136-5,Street_29,A002,520001
AD00603,194-1,Street_39,A003,522002
AD00604,173-18,Street_55,A004,522002
AD00605,59-8,Street_59,A005,522001
AD00606,40-9,Street_25,A006,520001
AD00607,9-14,Street_79,A007,520001
AD00608,62-7,Street_9,A008,520001
AD00609,153-2,Street_58,A009,520001
AD00610,63-2,Street_52,A010,522002
AD00611,60-18,Street_28,A011,520001
AD00612,36-17,Street_38,A012,520002
AD00613,188-19,Street_41,A013,522001
AD00614,61-10,Street_19,A014,520002
AD00615,106-10,Street_36,A015,520001
AD00616,143-19,Street_23,A016,522002
AD00617,143-16,Street_7,A017,522001
AD00618,165-13,Street_68,A018,522001
AD00619,179-14,Street_53,A019,520002
AD00620,77-13,Street_24,A020,522002
AD00621,62-8,Street_39,A021,520002
AD00622,119-2,Street_72,A022,522002
AD00623,107-18,Street_68,A023,520002
AD00624,100-8,Street_33,A024,520002
AD00625,85-3,Street_58,A025,522001
AD00626,24-18,Street_25,A026,520001
AD00627,69-13,Street_78,A027,520001
AD00628,19-7,Street_76,A028,520002
AD00629,123-7,Street_43,A029,522001
AD00630,4-7,Street_25,A030,520001
AD00631,192-16,Street_32,A031,520002
AD00632,102-8,Street_71,A032,522001
AD00633,199-10,Street_49,A033,522002
AD00634,137-12,Street_40,A034,522001
AD00635,93-17,Street_64,A035,522002
AD00636,26-16,Street_41,A036,520002
AD00637,95-11,Street_53,A037,520001
AD00638,145-8,Street_19,A038,520001
AD00639,67-18,Street_75,A039,522002
AD00640,76-5,Street_26,A040,522001
AD00641,59-13,Street_73,A041,520002
AD00642,128-18,Street_44,A042,522001
AD00643,196-16,Street_63,A043,522002
AD00644,44-12,Street_22,A044,520002
AD00645,185-18,Street_63,A045,520002
AD00646,139-2,Street_68,A046,520001
AD00647,20-2,Street_1,A047,522002
AD00648,36-8,Street_9,A048,520002
AD00649,3-7,Street_65,A049,522002
AD00650,96-2,Street_80,A050,522002
AD00651,169-16,Street_3,A051,520001
AD00652,137-18,Street_53,A052,520001
AD00653,5-17,Street_36,A053,522001
AD00654,5-17,Street_56,A054,520002
AD00655,28-4,Street_68,A055,520002
AD00656,62-7,Street_80,A056,522001
AD00657,91-9,Street_51,A057,520001
AD00658,96-13,Street_59,A058,520002
AD00659,179-8,Street_39,A059,520001
AD00660,168-2,Street_12,A060,522002
AD00661,98-13,Street_71,A061,522002
AD00662,15-1,Street_22,A062,520001
AD00663,128-14,Street_43,A063,520001
AD00664,136-2,Street_30,A064,520002
AD00665,178-19,Street_61,A065,522001
AD00666,12-3,Street_36,A066,520001
AD00667,46-11,Street_3,A067,520002
AD00668,151-5,Street_51,A068,520001
AD00669,77-6,Street_73,A069,520002
AD00670,146-13,Street_70,A070,522001
AD00671,99-5,Street_11,A071,522001
AD00672,14-4,Street_56,A072,520002
AD00673,20-11,Street_78,A073,522002
AD00674,199-11,Street_4,A074,522001
AD00675,116-16,Street_30,A075,522001
AD00676,142-13,Street_56,A076,520002
AD00677,175-19,Street_49,A077,520001
AD00678,198-20,Street_38,A078,520002
AD00679,183-3,Street_11,A079,522001
AD00680,40-13,Street_20,A080,522002
AD00681,82-12,Street_14,A081,520001
AD00682,2-10,Street_57,A082,522001
AD00683,195-9,Street_14,A083,520002
AD00684,23-6,Street_56,A084,522002
AD00685,143-18,Street_66,A085,522002
AD00686,27-1,Street_12,A086,522001
AD00687,142-3,Street_77,A087,522001
AD00688,99-1,Street_38,A088,522002
AD00689,100-3,Street_72,A089,520002
AD00690,147-17,Street_22,A090,522002
AD00691,44-5,Street_35,A091,522001
AD00692,69-16,Street_19,A092,520001
AD00693,43-14,Street_36,A093,522002
AD00694,77-16,Street_10,A094,522001
AD00695,65-8,Street_64,A095,520002
AD00696,118-4,Street_18,A096,522001
AD00697,2-13,Street_43,A097,522002
AD00698,85-15,Street_43,A098,522002
AD00699,167-20,Street_18,A099,522001
AD00700,83-20,Street_26,A100,522002
AD00701,81-6,Street_51,A001,522001
AD00702,75-16,Street_74,A002,520002
AD00703,84-13,Street_36,A003,522002
AD00704,94-4,Street_73,A004,520002
AD00705,152-18,Street_24,A005,520001
AD00706,187-15,Street_27,A006,522002
AD00707,75-3,Street_53,A007,522002
AD00708,36-10,Street_31,A008,522001
AD00709,169-5,Street_55,A009,522002
AD00710,19-15,Street_77,A010,522002
AD00711,150-13,Street_69,A011,522002
AD00712,140-2,Street_47,A012,520001
AD00713,28-8,Street_46,A013,520002
AD00714,166-20,Street_6,A014,522002
AD00715,193-11,Street_56,A015,520001
AD00716,3-4,Street_34,A016,520002
AD00717,131-17,Street_72,A017,520002
AD00718,115-12,Street_51,A018,522002
AD00719,198-19,Street_65,A019,520002
AD00720,89-1,Street_62,A020,520001
AD00721,76-14,Street_11,A021,520001
AD00722,187-5,Street_45,A022,522001
AD00723,88-15,Street_27,A023,522002
AD00724,90-16,Street_13,A024,522002
AD00725,185-15,Street_41,A025,520001
AD00726,77-2,Street_15,A026,520001
AD00727,88-4,Street_22,A027,520002
AD00728,133-6,Street_71,A028,520002
AD00729,85-18,Street_55,A029,522002
AD00730,60-13,Street_24,A030,520002
AD00731,164-14,Street_51,A031,520001
AD00732,189-20,Street_26,A032,522002
AD00733,152-14,Street_50,A033,520001
AD00734,181-7,Street_27,A034,522001
AD00735,193-3,Street_74,A035,520001
AD00736,138-6,Street_47,A036,522001
AD00737,51-15,Street_15,A037,522001
AD00738,172-16,Street_68,A038,522001
AD00739,153-13,Street_79,A039,522002
AD00740,151-4,Street_45,A040,522001
AD00741,118-20,Street_23,A041,522001
AD00742,158-19,Street_11,A042,520002
AD00743,81-4,Street_31,A043,522001
AD00744,30-6,Street_48,A044,520002
AD00745,131-13,Street_54,A045,520002
AD00746,148-13,Street_55,A046,520002
AD00747,125-18,Street_23,A047,520002
AD00748,126-10,Street_18,A048,520002
AD00749,81-15,Street_80,A049,520001
AD00750,92-1,Street_63,A050,520002
AD00751,50-13,Street_72,A051,522002
AD00752,105-16,Street_54,A052,522002
AD00753,126-6,Street_11,A053,520001
AD00754,195-8,Street_38,A054,520001
AD00755,71-8,Street_69,A055,522001
AD00756,44-15,Street_73,A056,522002
AD00757,141-17,Street_15,A057,520001
AD00758,69-18,Street_47,A058,520001
AD00759,195-15,Street_70,A059,520002
AD00760,109-4,Street_32,A060,522001
AD00761,9-15,Street_34,A061,522001
AD00762,23-15,Street_16,A062,520002
AD00763,54-19,Street_45,A063,522002
AD00764,43-20,Street_18,A064,520002
AD00765,53-2,Street_73,A065,522001
AD00766,137-9,Street_77,A066,520002
AD00767,83-10,Street_38,A067,522001
AD00768,132-4,Street_18,A068,522002
AD00769,16-9,Street_17,A069,520002
AD00770,64-5,Street_42,A070,520002
AD00771,195-13,Street_63,A071,520002
AD00772,148-9,Street_54,A072,522002
AD00773,116-3,Street_12,A073,522002
AD00774,132-9,Street_48,A074,522002
AD00775,125-11,Street_75,A075,520001
AD00776,199-3,Street_59,A076,522001
AD00777,17-18,Street_51,A077,520002
AD00778,110-7,Street_64,A078,522001
AD00779,83-10,Street_44,A079,520002
AD00780,145-16,Street_44,A080,520001
AD00781,12-4,Street_59,A081,520001
AD00782,32-6,Street_57,A082,522002
AD00783,1-14,Street_26,A083,520002
AD00784,167-10,Street_21,A084,522001
AD00785,24-12,Street_33,A085,520001
AD00786,96-6,Street_7,A086,522002
AD00787,161-10,Street_30,A087,522002
AD00788,168-3,Street_13,A088,520001
AD00789,55-16,Street_10,A089,520002
AD00790,152-8,Street_67,A090,522002
AD00791,3-1,Street_44,A091,520001
AD00792,109-5,Street_62,A092,520001
AD00793,59-13,Street_12,A093,520001
AD00794,27-11,Street_48,A094,522001
AD00795,36-13,Street_18,A095,520002
AD00796,18-17,Street_73,A096,520001
AD00797,157-6,Street_57,A097,522001
AD00798,185-7,Street_20,A098,522002
AD00799,158-15,Street_28,A099,520001
AD00800,26-5,Street_16,A100,522002
AD00801,90-14,Street_41,A001,520002
AD00802,64-9,Street_11,A002,520002
AD00803,142-20,Street_77,A003,522001
AD00804,200-1,Street_39,A004,520002
AD00805,133-20,Street_66,A005,520002
AD00806,192-13,Street_38,A006,520001
AD00807,62-16,Street_50,A007,520001
AD00808,62-16,Street_77,A008,520001
AD00809,136-1,Street_47,A009,522001
AD00810,34-13,Street_73,A010,522002
AD00811,94-18,Street_23,A011,522002
AD00812,198-3,Street_3,A012,520001
AD00813,4-9,Street_28,A013,520001
AD00814,16-13,Street_65,A014,522001
AD00815,161-17,Street_54,A015,522002
AD00816,180-13,Street_11,A016,520002
AD00817,72-3,Street_40,A017,520001
AD00818,131-7,Street_20,A018,522001
AD00819,101-19,Street_9,A019,522001
AD00820,179-14,Street_31,A020,520001
AD00821,63-3,Street_56,A021,520001
AD00822,117-20,Street_78,A022,520001
AD00823,80-6,Street_16,A023,520001
AD00824,182-5,Street_2,A024,520002
AD00825,128-12,Street_67,A025,522001
AD00826,43-12,Street_17,A026,522001
AD00827,188-4,Street_4,A027,522001
AD00828,110-9,Street_68,A028,520001
AD00829,68-19,Street_10,A029,522002
AD00830,117-17,Street_47,A030,520001
AD00831,128-19,Street_22,A031,522001
AD00832,41-9,Street_14,A032,520001
AD00833,59-17,Street_1,A033,520001
AD00834,4-8,Street_6,A034,522002
AD00835,94-13,Street_20,A035,520002
AD00836,10-18,Street_54,A036,520002
AD00837,83-8,Street_54,A037,522001
AD00838,70-3,Street_74,A038,522001
AD00839,31-17,Street_7,A039,520002
AD00840,58-17,Street_6,A040,522002
AD00841,18-15,Street_37,A041,522001
AD00842,84-3,Street_71,A042,522002
AD00843,3-12,Street_26,A043,522001
AD00844,145-10,Street_80,A044,520002
AD00845,119-12,Street_76,A045,522002
AD00846,198-7,Street_70,A046,520002
AD00847,39-1,Street_53,A047,520001
AD00848,60-18,Street_45,A048,520001
AD00849,86-1,Street_49,A049,522001
AD00850,27-7,Street_68,A050,520002
AD00851,108-16,Street_8,A051,520002
AD00852,183-9,Street_12,A052,520001
AD00853,60-17,Street_53,A053,522001
AD00854,118-3,Street_75,A054,520001
AD00855,130-5,Street_51,A055,520001
AD00856,152-19,Street_8,A056,522002
AD00857,170-5,Street_31,A057,522001
AD00858,67-11,Street_51,A058,522001
AD00859,82-15,Street_35,A059,520002
AD00860,20-7,Street_18,A060,520001
AD00861,40-4,Street_22,A061,522002
AD00862,120-11,Street_53,A062,520001
AD00863,138-12,Street_27,A063,522002
AD00864,79-15,Street_34,A064,520001
AD00865,24-6,Street_39,A065,520001
AD00866,56-11,Street_19,A066,520001
AD00867,183-8,Street_46,A067,522002
AD00868,132-2,Street_39,A068,522001
AD00869,45-1,Street_52,A069,522002
AD00870,143-18,Street_32,A070,520001
AD00871,119-4,Street_18,A071,520001
AD00872,4-2,Street_29,A072,520002
AD00873,51-13,Street_48,A073,520001
AD00874,150-19,Street_34,A074,520001
AD00875,6-3,Street_26,A075,522002
AD00876,33-3,Street_43,A076,520001
AD00877,11-15,Street_7,A077,520002
AD00878,147-14,Street_51,A078,522002
AD00879,8-13,Street_55,A079,520002
AD00880,91-7,Street_24,A080,522001
AD00881,72-15,Street_20,A081,520001
AD00882,158-20,Street_79,A082,520002
AD00883,166-10,Street_64,A083,522002
AD00884,141-16,Street_8,A084,520001
AD00885,72-13,Street_18,A085,522002
AD00886,52-17,Street_32,A086,520001
AD00887,98-12,Street_62,A087,522002
AD00888,89-19,Street_65,A088,522001
AD00889,100-9,Street_24,A089,520001
AD00890,82-20,Street_29,A090,520001
AD00891,200-9,Street_8,A091,522002
AD00892,136-12,Street_75,A092,520002
AD00893,41-4,Street_32,A093,520002
AD00894,69-18,Street_8,A094,520002
AD00895,148-13,Street_46,A095,520002
AD00896,46-8,Street_76,A096,522001
AD00897,189-12,Street_76,A097,520001
AD00898,181-12,Street_73,A098,520002
AD00899,145-7,Street_64,A099,522001
AD00900,45-16,Street_5,A100,520001
AD00901,15-8,Street_78,A001,520002
AD00902,6-17,Street_62,A002,520001
AD00903,85-20,Street_26,A003,520002
AD00904,88-6,Street_42,A004,520001
AD00905,6-5,Street_76,A005,520002
AD00906,199-4,Street_68,A006,522001
AD00907,19-12,Street_51,A007,520001
AD00908,87-10,Street_42,A008,520002
AD00909,41-14,Street_63,A009,522001
AD00910,45-18,Street_79,A010,522001
AD00911,58-19,Street_23,A011,522002
AD00912,79-10,Street_17,A012,520002
AD00913,187-1,Street_74,A013,522002
AD00914,198-19,Street_5,A014,520002
AD00915,155-11,Street_79,A015,520002
AD00916,164-19,Street_14,A016,522002
AD00917,37-11,Street_10,A017,520002
AD00918,89-11,Street_22,A018,520001
AD00919,182-11,Street_58,A019,520001
AD00920,68-7,Street_32,A020,520001
AD00921,90-9,Street_14,A021,520001
AD00922,13-13,Street_57,A022,522002
AD00923,43-14,Street_64,A023,522002
AD00924,90-18,Street_49,A024,520001
AD00925,123-19,Street_29,A025,520002
AD00926,116-3,Street_5,A026,522001
AD00927,6-11,Street_34,A027,520001
AD00928,19-11,Street_22,A028,522002
AD00929,42-3,Street_71,A029,520001
AD00930,87-20,Street_79,A030,522002
AD00931,181-1,Street_56,A031,520002
AD00932,156-14,Street_21,A032,520001
AD00933,26-11,Street_27,A033,520002
AD00934,105-18,Street_70,A034,522001
AD00935,170-10,Street_39,A035,520002
AD00936,25-2,Street_51,A036,522002
AD00937,40-2,Street_47,A037,520001
AD00938,110-3,Street_38,A038,522002
AD00939,52-4,Street_4,A039,520002
AD00940,44-10,Street_11,A040,522002
AD00941,30-10,Street_51,A041,522002
AD00942,126-9,Street_12,A042,522002
AD00943,48-12,Street_49,A043,522001
AD00944,48-15,Street_6,A044,522001
AD00945,113-15,Street_34,A045,520002
AD00946,69-19,Street_8,A046,520002
AD00947,193-4,Street_11,A047,522001
AD00948,139-14,Street_76,A048,520002
AD00949,142-2,Street_50,A049,522002
AD00950,138-16,Street_74,A050,520002
AD00951,122-10,Street_11,A051,522002
AD00952,183-2,Street_65,A052,520002
AD00953,31-15,Street_23,A053,520002
AD00954,55-7,Street_17,A054,520001
AD00955,109-3,Street_56,A055,520002
AD00956,161-5,Street_77,A056,522001
AD00957,82-3,Street_12,A057,522002
AD00958,143-13,Street_71,A058,522001
AD00959,71-17,Street_59,A059,520001
AD00960,180-20,Street_76,A060,522002
AD00961,29-14,Street_20,A061,520002
AD00962,146-19,Street_75,A062,520001
AD00963,28-19,Street_13,A063,522001
AD00964,138-12,Street_53,A064,522001
AD00965,99-16,Street_74,A065,522002
AD00966,10-6,Street_36,A066,522002
AD00967,37-20,Street_78,A067,522002
AD00968,10-13,Street_43,A068,520002
AD00969,13-16,Street_35,A069,522001
AD00970,6-11,Street_39,A070,522001
AD00971,72-16,Street_13,A071,520002
AD00972,35-10,Street_57,A072,522001
AD00973,69-14,Street_78,A073,520001
AD00974,49-15,Street_28,A074,522002
AD00975,190-16,Street_67,A075,522001
AD00976,15-17,Street_21,A076,520001
AD00977,80-17,Street_52,A077,520002
AD00978,200-17,Street_73,A078,520001
AD00979,45-7,Street_26,A079,520001
AD00980,64-2,Street_59,A080,520001
AD00981,93-7,Street_36,A081,522001
AD00982,119-17,Street_51,A082,520001
AD00983,175-1,Street_31,A083,522001
AD00984,126-20,Street_58,A084,520002
AD00985,122-19,Street_71,A085,522001
AD00986,89-6,Street_34,A086,520001
AD00987,73-1,Street_50,A087,520001
AD00988,42-19,Street_28,A088,520002
AD00989,166-8,Street_27,A089,522001
AD00990,167-14,Street_66,A090,520001
AD00991,200-1,Street_61,A091,520002
AD00992,166-6,Street_77,A092,520001
AD00993,58-9,Street_78,A093,522001
AD00994,183-9,Street_55,A094,522002
AD00995,90-15,Street_33,A095,520002
AD00996,120-10,Street_67,A096,522002
AD00997,150-4,Street_1,A097,522001
AD00998,144-20,Street_78,A098,522001
AD00999,77-4,Street_62,A099,520001
AD01000,87-9,Street_42,A100,522001
AD01001,67-10,Street_25,A001,520002
AD01002,133-8,Street_8,A002,522002
AD01003,170-11,Street_18,A003,520001
AD01004,168-16,Street_38,A004,522001
AD01005,108-13,Street_50,A005,520001
AD01006,150-19,Street_25,A006,522001
AD01007,186-8,Street_69,A007,522002
AD01008,172-12,Street_65,A008,522001
AD01009,44-18,Street_24,A009,522001
AD01010,25-16,Street_17,A010,522001
AD01011,186-18,Street_24,A011,522001
AD01012,168-3,Street_29,A012,522001
AD01013,58-10,Street_54,A013,522001
AD01014,96-9,Street_75,A014,522001
AD01015,119-4,Street_61,A015,520001
AD01016,163-19,Street_75,A016,520001
AD01017,121-7,Street_65,A017,520001
AD01018,175-13,Street_68,A018,522001
AD01019,106-2,Street_20,A019,520002
AD01020,52-11,Street_53,A020,522002
AD01021,37-11,Street_24,A021,520001
AD01022,125-11,Street_23,A022,522001
AD01023,163-2,Street_1,A023,522002
AD01024,71-7,Street_22,A024,520002
AD01025,126-3,Street_17,A025,522002
AD01026,163-14,Street_52,A026,522002
AD01027,123-13,Street_1,A027,520001
AD01028,137-7,Street_48,A028,520001
AD01029,83-17,Street_25,A029,520001
AD01030,174-1,Street_32,A030,520002
AD01031,178-12,Street_40,A031,520002
AD01032,27-13,Street_65,A032,522001
AD01033,43-3,Street_6,A033,522001
AD01034,75-15,Street_67,A034,522001
AD01035,112-5,Street_44,A035,522002
AD01036,92-7,Street_22,A036,522002
AD01037,5-8,Street_29,A037,520002
AD01038,55-1,Street_76,A038,520002
AD01039,32-12,Street_5,A039,522002
AD01040,164-9,Street_69,A040,520001
AD01041,153-2,Street_14,A041,520001
AD01042,13-4,Street_54,A042,522002
AD01043,98-4,Street_71,A043,522001
AD01044,122-5,Street_27,A044,520001
AD01045,78-14,Street_13,A045,522001
AD01046,160-20,Street_18,A046,522002
AD01047,27-17,Street_80,A047,520001
AD01048,73-4,Street_14,A048,522002
AD01049,51-20,Street_26,A049,522001
AD01050,134-7,Street_46,A050,522002
AD01051,76-6,Street_6,A051,522002
AD01052,54-16,Street_43,A052,520002
AD01053,1-1,Street_12,A053,520001
AD01054,147-16,Street_20,A054,520001
AD01055,200-17,Street_10,A055,520001
AD01056,66-8,Street_59,A056,522001
AD01057,68-15,Street_7,A057,520001
AD01058,45-2,Street_38,A058,522001
AD01059,174-11,Street_55,A059,520001
AD01060,25-2,Street_2,A060,520002
AD01061,170-6,Street_43,A061,522001
AD01062,113-20,Street_35,A062,520001
AD01063,96-11,Street_24,A063,520001
AD01064,103-13,Street_59,A064,522001
AD01065,99-16,Street_54,A065,520002
AD01066,29-5,Street_8,A066,520002
AD01067,27-14,Street_76,A067,522002
AD01068,146-15,Street_24,A068,522002
AD01069,200-12,Street_79,A069,520001
AD01070,176-5,Street_62,A070,522002
AD01071,29-14,Street_57,A071,520001
AD01072,17-9,Street_41,A072,520001
AD01073,181-17,Street_74,A073,520002
AD01074,172-11,Street_67,A074,520001
AD01075,111-8,Street_62,A075,522001
AD01076,170-13,Street_20,A076,520001
AD01077,3-6,Street_65,A077,522002
AD01078,127-6,Street_10,A078,522002
AD01079,83-8,Street_43,A079,522001
AD01080,13-17,Street_29,A080,522002
AD01081,104-8,Street_11,A081,522002
AD01082,114-19,Street_58,A082,520001
AD01083,128-15,Street_41,A083,520001
AD01084,128-1,Street_14,A084,522002
AD01085,106-2,Street_72,A085,520001
AD01086,24-20,Street_80,A086,522001
AD01087,131-18,Street_27,A087,522002
AD01088,88-12,Street_7,A088,520002
AD01089,117-11,Street_72,A089,522002
AD01090,184-12,Street_58,A090,520001
AD01091,25-8,Street_1,A091,522001
AD01092,91-10,Street_71,A092,522001
AD01093,180-4,Street_6,A093,520002
AD01094,127-5,Street_53,A094,520001
AD01095,66-20,Street_26,A095,520002
AD01096,31-13,Street_28,A096,522002
AD01097,49-11,Street_14,A097,522002
AD01098,12-19,Street_16,A098,522002
AD01099,118-19,Street_65,A099,520002
AD01100,128-1,Street_68,A100,520001
AD01101,142-14,Street_75,A001,522002
AD01102,131-6,Street_75,A002,520002
AD01103,188-5,Street_14,A003,522002
AD01104,169-20,Street_78,A004,522001
AD01105,130-13,Street_54,A005,520002
AD01106,71-13,Street_44,A006,522001
AD01107,116-5,Street_18,A007,522002
AD01108,155-17,Street_39,A008,522001
AD01109,183-18,Street_28,A009,520002
AD01110,54-20,Street_38,A010,522001
AD01111,173-5,Street_23,A011,522001
AD01112,182-4,Street_46,A012,522002
AD01113,150-19,Street_54,A013,522001
AD01114,109-1,Street_67,A014,520001
AD01115,7-13,Street_19,A015,520001
AD01116,172-2,Street_26,A016,522001
AD01117,193-6,Street_37,A017,522001
AD01118,38-2,Street_38,A018,520002
AD01119,193-18,Street_5,A019,522001
AD01120,116-4,Street_79,A020,520002
AD01121,191-18,Street_50,A021,520002
AD01122,131-10,Street_7,A022,522002
AD01123,100-14,Street_41,A023,520001
AD01124,4-9,Street_26,A024,522002
AD01125,58-12,Street_76,A025,520002
AD01126,199-7,Street_38,A026,522002
AD01127,46-3,Street_24,A027,520002
AD01128,189-17,Street_16,A028,522002
AD01129,11-14,Street_36,A029,522001
AD01130,34-6,Street_75,A030,522001
AD01131,2-11,Street_60,A031,520002
AD01132,11-5,Street_42,A032,520001
AD01133,199-20,Street_39,A033,522002
AD01134,147-18,Street_46,A034,520001
AD01135,182-11,Street_68,A035,520002
AD01136,48-17,Street_9,A036,520002
AD01137,107-18,Street_69,A037,522002
AD01138,24-12,Street_29,A038,520002
AD01139,170-11,Street_43,A039,522001
AD01140,76-7,Street_80,A040,522002
AD01141,144-1,Street_15,A041,522001
AD01142,115-8,Street_79,A042,520002
AD01143,11-11,Street_49,A043,520001
AD01144,99-9,Street_70,A044,522001
AD01145,7-17,Street_48,A045,522002
AD01146,125-2,Street_38,A046,520002
AD01147,83-17,Street_11,A047,520001
AD01148,43-18,Street_69,A048,520001
AD01149,161-3,Street_27,A049,520002
AD01150,176-14,Street_14,A050,520002
AD01151,138-14,Street_10,A051,520002
AD01152,7-15,Street_43,A052,520001
AD01153,23-3,Street_7,A053,520002
AD01154,65-18,Street_10,A054,520002
AD01155,67-14,Street_50,A055,522002
AD01156,162-13,Street_56,A056,522001
AD01157,5-13,Street_16,A057,520001
AD01158,165-20,Street_9,A058,520001
AD01159,180-3,Street_46,A059,520001
AD01160,75-10,Street_78,A060,520001
AD01161,73-15,Street_49,A061,522002
AD01162,170-1,Street_61,A062,520002
AD01163,137-8,Street_18,A063,522002
AD01164,140-10,Street_19,A064,522001
AD01165,174-12,Street_2,A065,520002
AD01166,32-2,Street_1,A066,522002
AD01167,138-18,Street_11,A067,522001
AD01168,54-12,Street_28,A068,522002
AD01169,166-17,Street_19,A069,520002
AD01170,48-8,Street_79,A070,522001
AD01171,50-4,Street_24,A071,520001
AD01172,193-18,Street_60,A072,520001
AD01173,75-3,Street_33,A073,520001
AD01174,51-19,Street_63,A074,522001
AD01175,92-5,Street_31,A075,520001
AD01176,73-20,Street_9,A076,520002
AD01177,82-16,Street_58,A077,522001
AD01178,158-10,Street_75,A078,520002
AD01179,145-19,Street_47,A079,522001
AD01180,110-6,Street_1,A080,522001
AD01181,64-8,Street_56,A081,522001
AD01182,93-5,Street_43,A082,522002
AD01183,119-15,Street_46,A083,522001
AD01184,125-18,Street_14,A084,520002
AD01185,166-20,Street_11,A085,522001
AD01186,36-18,Street_26,A086,522001
AD01187,188-3,Street_10,A087,520001
AD01188,130-1,Street_75,A088,522002
AD01189,197-19,Street_28,A089,520001
AD01190,142-9,Street_70,A090,522002
AD01191,168-5,Street_47,A091,522002
AD01192,58-19,Street_38,A092,520002
AD01193,119-17,Street_66,A093,520001
AD01194,102-12,Street_65,A094,520001
AD01195,170-8,Street_79,A095,520002
AD01196,194-17,Street_18,A096,522002
AD01197,41-6,Street_73,A097,520002
AD01198,189-16,Street_46,A098,520001
AD01199,57-16,Street_30,A099,520001
AD01200,68-12,Street_30,A100,520001
AD01201,172-7,Street_67,A001,522001
AD01202,100-16,Street_59,A002,520001
AD01203,11-11,Street_14,A003,522001
AD01204,190-9,Street_75,A004,520002
AD01205,97-13,Street_47,A005,520001
AD01206,133-9,Street_49,A006,520002
AD01207,133-13,Street_46,A007,522001
AD01208,125-16,Street_78,A008,520001
AD01209,129-5,Street_57,A009,520002
AD01210,59-3,Street_66,A010,522001
AD01211,55-5,Street_24,A011,520002
AD01212,93-20,Street_16,A012,520002
AD01213,107-11,Street_15,A013,522002
AD01214,173-16,Street_62,A014,520002
AD01215,152-6,Street_53,A015,520001
AD01216,63-2,Street_17,A016,520002
AD01217,35-17,Street_6,A017,520002
AD01218,15-6,Street_34,A018,520002
AD01219,133-13,Street_77,A019,520001
AD01220,185-10,Street_11,A020,520002
AD01221,115-20,Street_61,A021,522002
AD01222,44-8,Street_53,A022,520002
AD01223,150-6,Street_80,A023,522001
AD01224,43-11,Street_59,A024,520001
AD01225,59-13,Street_50,A025,520002
AD01226,28-1,Street_26,A026,522002
AD01227,39-20,Street_13,A027,520002
AD01228,122-20,Street_77,A028,520001
AD01229,137-17,Street_16,A029,520001
AD01230,124-5,Street_78,A030,520001
AD01231,199-14,Street_67,A031,522002
AD01232,95-2,Street_68,A032,522002
AD01233,59-16,Street_49,A033,522001
AD01234,151-19,Street_13,A034,522002
AD01235,35-9,Street_62,A035,520002
AD01236,22-10,Street_77,A036,522002
AD01237,66-7,Street_1,A037,520001
AD01238,148-17,Street_16,A038,520001
AD01239,97-7,Street_41,A039,522002
AD01240,93-4,Street_20,A040,522002
AD01241,167-19,Street_33,A041,522001
AD01242,138-14,Street_73,A042,522001
AD01243,157-9,Street_51,A043,520002
AD01244,106-18,Street_72,A044,522002
AD01245,46-12,Street_72,A045,522002
AD01246,65-10,Street_74,A046,522001
AD01247,199-13,Street_18,A047,520001
AD01248,192-8,Street_58,A048,520002
AD01249,26-7,Street_66,A049,522002
AD01250,87-18,Street_79,A050,520001
AD01251,42-13,Street_1,A051,520001
AD01252,38-16,Street_77,A052,522002
AD01253,23-3,Street_34,A053,520002
AD01254,95-3,Street_78,A054,520001
AD01255,186-13,Street_52,A055,522001
AD01256,183-20,Street_8,A056,520002
AD01257,164-16,Street_57,A057,520001
AD01258,52-17,Street_37,A058,520002
AD01259,9-20,Street_66,A059,520002
AD01260,158-6,Street_5,A060,522001
AD01261,62-1,Street_21,A061,520001
AD01262,71-13,Street_46,A062,522002
AD01263,104-19,Street_26,A063,520001
AD01264,189-3,Street_12,A064,522001
AD01265,186-18,Street_75,A065,522001
AD01266,89-9,Street_29,A066,520002
AD01267,117-13,Street_74,A067,520001
AD01268,67-6,Street_53,A068,520001
AD01269,144-3,Street_65,A069,522001
AD01270,88-4,Street_66,A070,522001
AD01271,138-19,Street_33,A071,522002
AD01272,97-19,Street_62,A072,520002
AD01273,194-11,Street_59,A073,522002
AD01274,151-1,Street_62,A074,520001
AD01275,67-3,Street_49,A075,520002
AD01276,174-8,Street_41,A076,522002
AD01277,91-17,Street_69,A077,520001
AD01278,180-9,Street_32,A078,522001
AD01279,24-13,Street_44,A079,520001
AD01280,142-6,Street_61,A080,522001
AD01281,91-7,Street_74,A081,522001
AD01282,47-7,Street_64,A082,520002
AD01283,61-8,Street_34,A083,520002
AD01284,59-7,Street_32,A084,522001
AD01285,40-4,Street_16,A085,520001
AD01286,174-16,Street_79,A086,520001
AD01287,196-18,Street_6,A087,522002
AD01288,96-20,Street_41,A088,522002
AD01289,148-9,Street_63,A089,520002
AD01290,196-17,Street_36,A090,522002
AD01291,57-19,Street_17,A091,520001
AD01292,135-14,Street_62,A092,520001
AD01293,129-12,Street_51,A093,520002
AD01294,118-4,Street_67,A094,522002
AD01295,81-1,Street_2,A095,520002
AD01296,98-19,Street_13,A096,522001
AD01297,93-20,Street_34,A097,520002
AD01298,141-9,Street_31,A098,522001
AD01299,121-20,Street_44,A099,522001
AD01300,48-16,Street_55,A100,520002
AD01301,108-12,Street_47,A001,522002
AD01302,72-15,Street_24,A002,520002
AD01303,148-8,Street_13,A003,522001
AD01304,61-18,Street_56,A004,522002
AD01305,51-5,Street_20,A005,522002
AD01306,3-6,Street_54,A006,522002
AD01307,35-17,Street_69,A007,522001
AD01308,125-10,Street_33,A008,520001
AD01309,102-4,Street_21,A009,520001
AD01310,56-9,Street_61,A010,520001
AD01311,116-11,Street_34,A011,522001
AD01312,93-18,Street_72,A012,522001
AD01313,89-1,Street_53,A013,520001
AD01314,90-20,Street_26,A014,520002
AD01315,200-10,Street_46,A015,522001
AD01316,173-17,Street_63,A016,522002
AD01317,21-13,Street_79,A017,522001
AD01318,119-5,Street_22,A018,522001
AD01319,108-20,Street_74,A019,522002
AD01320,19-3,Street_21,A020,522001
AD01321,59-11,Street_41,A021,522001
AD01322,182-9,Street_78,A022,522002
AD01323,70-15,Street_47,A023,522002
AD01324,106-6,Street_24,A024,520001
AD01325,33-8,Street_33,A025,520001
AD01326,54-6,Street_51,A026,520001
AD01327,25-3,Street_61,A027,520001
AD01328,7-13,Street_68,A028,520001
AD01329,27-9,Street_80,A029,520002
AD01330,22-13,Street_40,A030,520002
AD01331,64-10,Street_57,A031,520002
AD01332,34-17,Street_22,A032,520001
AD01333,9-12,Street_42,A033,522002
AD01334,120-18,Street_35,A034,522002
AD01335,35-18,Street_23,A035,522002
AD01336,162-19,Street_56,A036,522001
AD01337,89-16,Street_70,A037,520002
AD01338,23-15,Street_40,A038,522001
AD01339,106-9,Street_20,A039,522001
AD01340,3-1,Street_67,A040,520002
AD01341,89-10,Street_61,A041,520001
AD01342,177-16,Street_62,A042,522001
AD01343,3-14,Street_38,A043,520002
AD01344,2-18,Street_48,A044,520002
AD01345,106-18,Street_56,A045,522002
AD01346,64-6,Street_50,A046,522002
AD01347,57-9,Street_11,A047,522002
AD01348,161-8,Street_67,A048,522001
AD01349,73-18,Street_35,A049,522002
AD01350,49-3,Street_24,A050,520002
AD01351,75-4,Street_59,A051,522002
AD01352,70-20,Street_63,A052,520002
AD01353,83-1,Street_20,A053,520001
AD01354,137-1,Street_24,A054,520001
AD01355,73-9,Street_17,A055,522002
AD01356,187-1,Street_30,A056,520001
AD01357,39-1,Street_64,A057,520002
AD01358,88-14,Street_40,A058,522002
AD01359,96-15,Street_5,A059,522001
AD01360,21-5,Street_8,A060,522001
AD01361,199-13,Street_10,A061,522002
AD01362,47-7,Street_33,A062,522002
AD01363,4-4,Street_32,A063,522002
AD01364,198-15,Street_32,A064,520001
AD01365,51-15,Street_13,A065,520002
AD01366,122-13,Street_40,A066,522001
AD01367,41-2,Street_71,A067,520001
AD01368,65-16,Street_39,A068,520002
AD01369,93-2,Street_28,A069,520001
AD01370,61-14,Street_42,A070,520001
AD01371,43-9,Street_75,A071,520001
AD01372,102-8,Street_2,A072,520001
AD01373,149-16,Street_77,A073,520002
AD01374,96-3,Street_32,A074,520002
AD01375,128-3,Street_80,A075,522001
AD01376,195-2,Street_8,A076,522001
AD01377,166-5,Street_69,A077,520001
AD01378,33-16,Street_30,A078,522001
AD01379,143-12,Street_57,A079,520002
AD01380,6-13,Street_46,A080,520002
AD01381,65-2,Street_63,A081,522002
AD01382,144-10,Street_70,A082,522002
AD01383,49-19,Street_24,A083,522001
AD01384,83-15,Street_36,A084,520002
AD01385,18-17,Street_20,A085,522002
AD01386,76-9,Street_70,A086,522001
AD01387,117-1,Street_65,A087,522002
AD01388,188-6,Street_3,A088,522001
AD01389,199-20,Street_31,A089,522001
AD01390,185-3,Street_69,A090,522002
AD01391,49-17,Street_64,A091,520002
AD01392,157-10,Street_42,A092,522002
AD01393,165-11,Street_15,A093,520001
AD01394,134-3,Street_6,A094,520002
AD01395,46-2,Street_26,A095,520001
AD01396,125-7,Street_13,A096,520001
AD01397,147-13,Street_63,A097,522001
AD01398,13-12,Street_29,A098,520001
AD01399,4-7,Street_63,A099,520001
AD01400,120-2,Street_47,A100,522002
AD01401,95-2,Street_79,A001,522001
AD01402,136-2,Street_10,A002,522001
AD01403,20-7,Street_67,A003,520001
AD01404,26-8,Street_69,A004,522002
AD01405,49-7,Street_68,A005,520002
AD01406,146-6,Street_72,A006,522002
AD01407,192-4,Street_74,A007,522001
AD01408,173-15,Street_55,A008,520001
AD01409,43-6,Street_71,A009,522002
AD01410,130-11,Street_21,A010,522002
AD01411,91-11,Street_71,A011,522001
AD01412,96-14,Street_56,A012,522001
AD01413,156-8,Street_73,A013,520002
AD01414,97-18,Street_33,A014,522001
AD01415,116-15,Street_51,A015,520001
AD01416,186-2,Street_37,A016,520001
AD01417,133-5,Street_39,A017,520001
AD01418,77-8,Street_28,A018,522001
AD01419,6-9,Street_71,A019,520002
AD01420,25-2,Street_59,A020,522001
AD01421,40-5,Street_34,A021,522001
AD01422,150-8,Street_30,A022,522001
AD01423,77-3,Street_74,A023,522002
AD01424,146-7,Street_10,A024,522001
AD01425,124-6,Street_63,A025,520001
AD01426,153-10,Street_5,A026,522002
AD01427,21-2,Street_43,A027,522001
AD01428,112-14,Street_16,A028,520002
AD01429,192-20,Street_2,A029,522002
AD01430,14-10,Street_68,A030,520001
AD01431,82-18,Street_73,A031,520002
AD01432,84-17,Street_29,A032,520002
AD01433,13-13,Street_58,A033,520001
AD01434,57-14,Street_38,A034,522002
AD01435,38-5,Street_44,A035,520001
AD01436,122-19,Street_7,A036,522002
AD01437,68-3,Street_52,A037,522002
AD01438,199-5,Street_18,A038,522002
AD01439,144-7,Street_63,A039,522002
AD01440,167-19,Street_26,A040,520002
AD01441,63-3,Street_35,A041,522002
AD01442,83-19,Street_12,A042,520001
AD01443,172-14,Street_55,A043,522001
AD01444,90-7,Street_42,A044,522001
AD01445,153-1,Street_40,A045,520002
AD01446,90-20,Street_57,A046,520002
AD01447,113-2,Street_30,A047,520002
AD01448,176-12,Street_20,A048,520001
AD01449,29-2,Street_32,A049,520002
AD01450,74-1,Street_44,A050,520001
AD01451,79-15,Street_61,A051,520001
AD01452,85-7,Street_69,A052,520002
AD01453,53-18,Street_67,A053,522001
AD01454,141-16,Street_80,A054,520002
AD01455,178-1,Street_49,A055,520001
AD01456,66-6,Street_8,A056,522001
AD01457,52-20,Street_35,A057,520001
AD01458,120-1,Street_9,A058,522002
AD01459,170-9,Street_47,A059,520001
AD01460,5-10,Street_50,A060,520002
AD01461,98-17,Street_13,A061,522001
AD01462,125-20,Street_69,A062,520001
AD01463,48-7,Street_65,A063,522002
AD01464,144-1,Street_6,A064,520002
AD01465,136-10,Street_43,A065,522002
AD01466,101-6,Street_3,A066,522001
AD01467,176-12,Street_46,A067,522001
AD01468,61-17,Street_36,A068,520001
AD01469,161-9,Street_50,A069,520001
AD01470,143-9,Street_29,A070,520002
AD01471,88-13,Street_18,A071,520001
AD01472,187-13,Street_67,A072,520002
AD01473,107-8,Street_74,A073,520002
AD01474,110-10,Street_78,A074,522001
AD01475,115-18,Street_17,A075,520002
AD01476,168-5,Street_75,A076,520002
AD01477,36-10,Street_68,A077,520002
AD01478,111-5,Street_73,A078,520002
AD01479,82-3,Street_72,A079,520001
AD01480,48-11,Street_19,A080,520001
AD01481,196-11,Street_53,A081,522002
AD01482,78-15,Street_36,A082,520002
AD01483,200-7,Street_14,A083,520002
AD01484,48-1,Street_79,A084,522001
AD01485,156-19,Street_79,A085,520002
AD01486,153-8,Street_30,A086,520001
AD01487,92-3,Street_62,A087,520002
AD01488,129-20,Street_61,A088,522001
AD01489,48-13,Street_63,A089,522002
AD01490,36-6,Street_25,A090,520002
AD01491,9-14,Street_2,A091,522001
AD01492,106-8,Street_26,A092,520002
AD01493,17-6,Street_57,A093,522002
AD01494,177-11,Street_59,A094,520002
AD01495,110-13,Street_6,A095,522002
AD01496,185-11,Street_51,A096,520001
AD01497,134-4,Street_58,A097,522002
AD01498,11-8,Street_67,A098,522002
AD01499,189-2,Street_72,A099,522002
AD01500,133-2,Street_25,A100,522001
AD01501,113-13,Street_39,A001,522001
AD01502,119-6,Street_55,A002,522001
AD01503,157-2,Street_67,A003,520002
AD01504,119-15,Street_12,A004,520001
AD01505,47-19,Street_70,A005,520002
AD01506,101-14,Street_42,A006,522002
AD01507,7-6,Street_59,A007,520002
AD01508,117-3,Street_33,A008,522001
AD01509,178-6,Street_16,A009,520001
AD01510,30-15,Street_47,A010,520001
AD01511,135-13,Street_66,A011,520002
AD01512,97-18,Street_49,A012,520001
AD01513,197-6,Street_43,A013,520002
AD01514,42-5,Street_23,A014,520001
AD01515,108-10,Street_40,A015,522002
AD01516,74-6,Street_16,A016,520002
AD01517,52-1,Street_80,A017,522001
AD01518,4-15,Street_64,A018,522002
AD01519,140-1,Street_78,A019,522002
AD01520,61-7,Street_76,A020,522002
AD01521,117-14,Street_57,A021,520001
AD01522,154-20,Street_1,A022,520002
AD01523,141-9,Street_80,A023,520002
AD01524,13-6,Street_19,A024,520001
AD01525,168-12,Street_5,A025,520002
AD01526,9-19,Street_78,A026,522001
AD01527,85-3,Street_7,A027,520001
AD01528,107-6,Street_21,A028,522001
AD01529,157-20,Street_74,A029,520002
AD01530,117-19,Street_47,A030,520001
AD01531,24-10,Street_42,A031,522001
AD01532,98-3,Street_55,A032,520001
AD01533,75-16,Street_18,A033,520001
AD01534,178-9,Street_43,A034,522002
AD01535,135-7,Street_27,A035,520001
AD01536,28-19,Street_68,A036,520001
AD01537,124-20,Street_37,A037,522002
AD01538,156-11,Street_34,A038,522001
AD01539,34-20,Street_73,A039,522002
AD01540,134-16,Street_64,A040,520002
AD01541,157-8,Street_38,A041,520002
AD01542,1-4,Street_4,A042,522002
AD01543,161-4,Street_27,A043,522002
AD01544,106-2,Street_43,A044,522001
AD01545,144-7,Street_2,A045,520002
AD01546,177-10,Street_33,A046,520001
AD01547,79-10,Street_65,A047,522001
AD01548,197-1,Street_15,A048,522001
AD01549,88-13,Street_73,A049,520001
AD01550,45-7,Street_43,A050,522001
AD01551,173-16,Street_61,A051,520001
AD01552,166-5,Street_62,A052,520002
AD01553,161-15,Street_69,A053,522001
AD01554,119-14,Street_8,A054,522001
AD01555,145-11,Street_72,A055,520001
AD01556,54-19,Street_43,A056,522001
AD01557,17-5,Street_36,A057,520001
AD01558,87-13,Street_69,A058,520002
AD01559,147-20,Street_50,A059,520002
AD01560,153-4,Street_40,A060,522001
AD01561,182-2,Street_35,A061,522002
AD01562,23-16,Street_31,A062,522001
AD01563,116-10,Street_28,A063,522001
AD01564,45-4,Street_48,A064,520001
AD01565,200-7,Street_12,A065,522002
AD01566,130-1,Street_62,A066,520002
AD01567,49-11,Street_62,A067,522001
AD01568,199-11,Street_19,A068,520001
AD01569,133-5,Street_27,A069,520001
AD01570,118-13,Street_67,A070,520001
AD01571,2-10,Street_6,A071,520001
AD01572,86-15,Street_6,A072,520001
AD01573,134-10,Street_3,A073,522001
AD01574,164-7,Street_42,A074,520002
AD01575,50-10,Street_36,A075,522001
AD01576,198-15,Street_16,A076,522001
AD01577,39-6,Street_36,A077,520001
AD01578,4-20,Street_72,A078,520001
AD01579,53-18,Street_45,A079,522001
AD01580,70-5,Street_37,A080,520002
AD01581,44-3,Street_40,A081,522001
AD01582,139-15,Street_7,A082,520002
AD01583,8-16,Street_7,A083,520001
AD01584,99-2,Street_12,A084,522002
AD01585,101-6,Street_77,A085,522002
AD01586,158-12,Street_40,A086,522001
AD01587,51-18,Street_11,A087,522002
AD01588,146-5,Street_12,A088,522002
AD01589,25-15,Street_40,A089,522002
AD01590,121-8,Street_29,A090,520002
AD01591,158-9,Street_47,A091,522002
AD01592,47-11,Street_42,A092,522002
AD01593,125-1,Street_9,A093,522002
AD01594,29-12,Street_62,A094,522002
AD01595,44-10,Street_45,A095,520002
AD01596,131-4,Street_52,A096,520001
AD01597,84-18,Street_10,A097,522001
AD01598,137-15,Street_52,A098,522002
AD01599,62-20,Street_32,A099,520002
AD01600,124-13,Street_9,A100,522001
AD01601,54-19,Street_56,A001,522002
AD01602,146-11,Street_70,A002,520002
AD01603,45-3,Street_74,A003,522002
AD01604,30-19,Street_77,A004,522002
AD01605,84-18,Street_13,A005,522002
AD01606,46-10,Street_52,A006,520001
AD01607,154-4,Street_77,A007,522002
AD01608,84-16,Street_8,A008,520001
AD01609,56-5,Street_75,A009,520001
AD01610,194-5,Street_20,A010,522002
AD01611,137-10,Street_50,A011,522002
AD01612,51-7,Street_41,A012,522001
AD01613,146-10,Street_56,A013,522001
AD01614,23-19,Street_2,A014,522002
AD01615,33-10,Street_8,A015,522001
AD01616,141-2,Street_1,A016,522001
AD01617,29-10,Street_4,A017,520002
AD01618,111-19,Street_51,A018,522001
AD01619,183-13,Street_52,A019,522002
AD01620,112-18,Street_28,A020,520002
AD01621,122-5,Street_25,A021,522002
AD01622,93-14,Street_20,A022,522001
AD01623,172-5,Street_18,A023,520001
AD01624,19-1,Street_19,A024,522002
AD01625,169-14,Street_18,A025,520001
AD01626,36-14,Street_59,A026,522002
AD01627,160-6,Street_59,A027,522002
AD01628,142-15,Street_50,A028,522001
AD01629,58-6,Street_55,A029,520001
AD01630,148-16,Street_31,A030,522001
AD01631,106-18,Street_74,A031,522001
AD01632,9-2,Street_73,A032,522002
AD01633,181-12,Street_15,A033,522002
AD01634,177-3,Street_19,A034,522001
AD01635,120-17,Street_11,A035,520001
AD01636,63-16,Street_10,A036,522001
AD01637,157-2,Street_44,A037,520001
AD01638,121-15,Street_66,A038,522002
AD01639,147-11,Street_54,A039,522001
AD01640,76-10,Street_22,A040,520001
AD01641,178-20,Street_39,A041,522001
AD01642,16-16,Street_75,A042,520002
AD01643,147-2,Street_38,A043,520001
AD01644,74-16,Street_11,A044,520002
AD01645,130-3,Street_36,A045,522001
AD01646,34-20,Street_36,A046,522001
AD01647,66-1,Street_15,A047,520002
AD01648,152-5,Street_58,A048,522001
AD01649,45-9,Street_31,A049,522002
AD01650,47-17,Street_5,A050,522001
AD01651,22-5,Street_77,A051,520002
AD01652,127-14,Street_50,A052,520002
AD01653,170-15,Street_22,A053,520002
AD01654,148-12,Street_7,A054,522001
AD01655,194-4,Street_7,A055,520002
AD01656,119-13,Street_61,A056,522001
AD01657,122-18,Street_30,A057,522002
AD01658,175-13,Street_61,A058,522001
AD01659,38-17,Street_56,A059,520001
AD01660,74-15,Street_49,A060,522001
AD01661,136-2,Street_13,A061,522001
AD01662,111-20,Street_35,A062,522001
AD01663,70-9,Street_13,A063,522001
AD01664,168-19,Street_51,A064,522002
AD01665,198-8,Street_76,A065,520002
AD01666,134-11,Street_24,A066,522001
AD01667,141-1,Street_2,A067,520001
AD01668,4-14,Street_13,A068,520001
AD01669,176-15,Street_45,A069,520002
AD01670,186-10,Street_33,A070,520002
AD01671,9-1,Street_80,A071,520001
AD01672,15-20,Street_28,A072,520001
AD01673,182-4,Street_12,A073,520002
AD01674,97-19,Street_24,A074,520001
AD01675,179-6,Street_33,A075,522001
AD01676,120-3,Street_59,A076,522001
AD01677,197-14,Street_42,A077,522001
AD01678,42-3,Street_36,A078,520001
AD01679,98-13,Street_43,A079,520001
AD01680,67-9,Street_23,A080,522002
AD01681,18-16,Street_26,A081,522002
AD01682,46-16,Street_14,A082,520002
AD01683,139-14,Street_28,A083,520001
AD01684,114-9,Street_14,A084,520001
AD01685,19-3,Street_74,A085,522001
AD01686,199-15,Street_3,A086,522002
AD01687,39-1,Street_5,A087,522002
AD01688,69-5,Street_43,A088,522002
AD01689,148-1,Street_66,A089,522002
AD01690,123-14,Street_52,A090,520001
AD01691,139-8,Street_1,A091,522002
AD01692,177-16,Street_16,A092,522001
AD01693,86-10,Street_52,A093,520001
AD01694,162-3,Street_47,A094,522001
AD01695,21-15,Street_38,A095,520002
AD01696,46-18,Street_6,A096,522002
AD01697,170-7,Street_39,A097,522002
AD01698,28-12,Street_63,A098,520001
AD01699,162-15,Street_25,A099,520002
AD01700,10-7,Street_4,A100,520002
AD01701,126-13,Street_9,A001,522001
AD01702,128-18,Street_58,A002,520001
AD01703,10-11,Street_8,A003,522001
AD01704,185-2,Street_52,A004,520001
AD01705,55-17,Street_59,A005,520002
AD01706,190-19,Street_30,A006,520001
AD01707,10-5,Street_63,A007,520001
AD01708,121-20,Street_6,A008,520002
AD01709,180-5,Street_2,A009,520002
AD01710,162-2,Street_40,A010,520001
AD01711,117-20,Street_22,A011,520001
AD01712,28-4,Street_64,A012,520002
AD01713,17-7,Street_55,A013,522001
AD01714,189-13,Street_42,A014,520001
AD01715,176-19,Street_70,A015,520002
AD01716,83-7,Street_6,A016,520002
AD01717,86-3,Street_16,A017,522001
AD01718,37-14,Street_22,A018,522001
AD01719,142-6,Street_57,A019,520002
AD01720,149-2,Street_18,A020,520001
AD01721,162-20,Street_49,A021,520002
AD01722,5-16,Street_11,A022,520001
AD01723,2-6,Street_12,A023,522001
AD01724,107-16,Street_17,A024,520002
AD01725,37-9,Street_67,A025,522002
AD01726,106-8,Street_23,A026,520001
AD01727,153-6,Street_64,A027,520001
AD01728,161-10,Street_45,A028,522002
AD01729,2-18,Street_31,A029,520002
AD01730,31-17,Street_13,A030,522001
AD01731,195-18,Street_65,A031,520002
AD01732,119-7,Street_36,A032,520001
AD01733,50-4,Street_20,A033,522002
AD01734,128-6,Street_21,A034,520001
AD01735,14-12,Street_37,A035,520002
AD01736,112-9,Street_43,A036,522002
AD01737,12-4,Street_7,A037,520002
AD01738,41-1,Street_63,A038,520001
AD01739,19-8,Street_57,A039,522001
AD01740,108-7,Street_42,A040,520002
AD01741,200-4,Street_42,A041,520002
AD01742,26-8,Street_53,A042,520002
AD01743,97-8,Street_10,A043,522002
AD01744,150-16,Street_7,A044,522002
AD01745,38-7,Street_79,A045,522002
AD01746,46-13,Street_48,A046,520002
AD01747,118-7,Street_46,A047,522001
AD01748,52-11,Street_17,A048,520001
AD01749,178-19,Street_8,A049,522001
AD01750,35-4,Street_60,A050,522002
AD01751,108-6,Street_44,A051,520002
AD01752,76-20,Street_21,A052,520002
AD01753,148-18,Street_30,A053,520001
AD01754,106-17,Street_63,A054,520002
AD01755,152-16,Street_60,A055,522001
AD01756,4-14,Street_32,A056,520002
AD01757,84-14,Street_75,A057,520002
AD01758,152-5,Street_74,A058,520001
AD01759,107-2,Street_6,A059,522002
AD01760,188-17,Street_5,A060,522002
AD01761,136-13,Street_62,A061,520001
AD01762,116-16,Street_31,A062,520001
AD01763,143-1,Street_53,A063,520002
AD01764,34-12,Street_38,A064,520002
AD01765,166-3,Street_3,A065,522002
AD01766,172-10,Street_21,A066,522002
AD01767,147-19,Street_4,A067,522002
AD01768,119-5,Street_52,A068,520002
AD01769,95-15,Street_1,A069,520001
AD01770,99-11,Street_68,A070,520001
AD01771,76-14,Street_35,A071,520002
AD01772,176-3,Street_80,A072,522001
AD01773,189-2,Street_66,A073,522001
AD01774,14-4,Street_50,A074,522001
AD01775,120-20,Street_6,A075,522001
AD01776,94-6,Street_72,A076,520001
AD01777,144-7,Street_18,A077,522001
AD01778,62-18,Street_15,A078,522002
AD01779,189-19,Street_27,A079,520002
AD01780,83-12,Street_35,A080,522002
AD01781,71-2,Street_9,A081,522001
AD01782,89-15,Street_63,A082,520001
AD01783,121-18,Street_69,A083,522001
AD01784,116-20,Street_48,A084,520001
AD01785,49-15,Street_12,A085,520001
AD01786,101-6,Street_37,A086,520001
AD01787,28-6,Street_36,A087,520001
AD01788,179-5,Street_64,A088,520002
AD01789,53-17,Street_3,A089,522001
AD01790,107-18,Street_17,A090,522002
AD01791,89-14,Street_57,A091,520001
AD01792,75-7,Street_9,A092,520001
AD01793,60-17,Street_43,A093,522002
AD01794,149-11,Street_42,A094,522002
AD01795,152-17,Street_71,A095,522002
AD01796,118-10,Street_73,A096,520002
AD01797,79-6,Street_34,A097,520002
AD01798,124-12,Street_37,A098,520001
AD01799,38-12,Street_37,A099,522002
AD01800,43-20,Street_21,A100,522001
AD01801,47-6,Street_20,A001,520002
AD01802,61-4,Street_6,A002,522001
AD01803,148-5,Street_57,A003,522001
AD01804,95-6,Street_27,A004,520001
AD01805,171-11,Street_45,A005,520002
AD01806,96-15,Street_70,A006,520002
AD01807,137-10,Street_16,A007,520001
AD01808,104-16,Street_19,A008,522002
AD01809,82-5,Street_1,A009,522001
AD01810,166-10,Street_61,A010,522001
AD01811,194-19,Street_19,A011,522002
AD01812,87-4,Street_62,A012,520001
AD01813,36-18,Street_15,A013,522001
AD01814,7-13,Street_80,A014,520002
AD01815,115-12,Street_12,A015,522001
AD01816,15-20,Street_25,A016,520002
AD01817,197-9,Street_26,A017,520001
AD01818,22-18,Street_58,A018,520001
AD01819,132-13,Street_25,A019,522002
AD01820,82-20,Street_78,A020,520001
AD01821,171-12,Street_51,A021,520002
AD01822,184-14,Street_48,A022,522002
AD01823,96-1,Street_37,A023,522001
AD01824,90-10,Street_58,A024,520001
AD01825,56-15,Street_54,A025,522002
AD01826,74-6,Street_55,A026,522002
AD01827,36-19,Street_77,A027,520001
AD01828,37-7,Street_39,A028,522002
AD01829,135-11,Street_9,A029,522002
AD01830,23-1,Street_53,A030,522001
AD01831,107-6,Street_72,A031,522002
AD01832,182-19,Street_18,A032,520002
AD01833,48-13,Street_38,A033,522002
AD01834,11-10,Street_75,A034,522001
AD01835,127-18,Street_60,A035,520002
AD01836,7-1,Street_20,A036,522001
AD01837,77-16,Street_16,A037,522001
AD01838,107-6,Street_63,A038,520002
AD01839,8-4,Street_36,A039,522002
AD01840,18-20,Street_47,A040,522002
AD01841,145-14,Street_34,A041,522002
AD01842,178-4,Street_48,A042,520001
AD01843,67-6,Street_75,A043,520001
AD01844,38-11,Street_60,A044,520002
AD01845,92-6,Street_7,A045,522001
AD01846,93-14,Street_46,A046,520001
AD01847,75-10,Street_68,A047,520001
AD01848,132-7,Street_24,A048,520001
AD01849,154-6,Street_70,A049,522001
AD01850,81-10,Street_35,A050,522001
AD01851,25-18,Street_75,A051,522001
AD01852,37-1,Street_18,A052,522001
AD01853,96-16,Street_53,A053,522001
AD01854,42-4,Street_28,A054,520002
AD01855,129-8,Street_25,A055,520001
AD01856,107-15,Street_10,A056,520001
AD01857,34-1,Street_62,A057,522001
AD01858,80-12,Street_18,A058,522002
AD01859,153-17,Street_44,A059,520002
AD01860,182-10,Street_4,A060,520001
AD01861,57-5,Street_19,A061,520002
AD01862,79-5,Street_27,A062,520002
AD01863,21-14,Street_15,A063,520001
AD01864,5-16,Street_56,A064,520001
AD01865,51-4,Street_5,A065,520001
AD01866,121-4,Street_33,A066,520001
AD01867,17-10,Street_2,A067,520001
AD01868,32-20,Street_27,A068,520002
AD01869,48-12,Street_4,A069,520001
AD01870,38-9,Street_75,A070,522001
AD01871,91-6,Street_65,A071,520002
AD01872,130-19,Street_9,A072,520001
AD01873,149-1,Street_68,A073,520002
AD01874,184-7,Street_37,A074,520002
AD01875,194-18,Street_1,A075,520001
AD01876,55-17,Street_61,A076,522001
AD01877,179-19,Street_24,A077,522002
AD01878,173-4,Street_24,A078,522001
AD01879,98-14,Street_28,A079,520002
AD01880,105-4,Street_41,A080,520001
AD01881,120-4,Street_67,A081,520002
AD01882,127-12,Street_37,A082,520001
AD01883,22-11,Street_64,A083,520001
AD01884,99-10,Street_59,A084,522001
AD01885,176-15,Street_29,A085,522002
AD01886,75-14,Street_25,A086,520001
AD01887,122-12,Street_23,A087,520001
AD01888,173-16,Street_14,A088,522002
AD01889,113-17,Street_11,A089,520001
AD01890,37-13,Street_52,A090,520001
AD01891,190-6,Street_9,A091,522001
AD01892,51-11,Street_26,A092,522002
AD01893,32-8,Street_55,A093,522002
AD01894,72-19,Street_76,A094,522001
AD01895,194-13,Street_46,A095,522002
AD01896,171-20,Street_52,A096,522002
AD01897,131-9,Street_19,A097,522002
AD01898,28-4,Street_33,A098,522002
AD01899,128-8,Street_18,A099,520001
AD01900,26-2,Street_9,A100,522002
AD01901,174-1,Street_23,A001,522002
AD01902,155-11,Street_20,A002,522001
AD01903,160-20,Street_13,A003,520001
AD01904,170-17,Street_64,A004,522002
AD01905,52-10,Street_64,A005,522002
AD01906,130-9,Street_70,A006,522001
AD01907,139-18,Street_3,A007,520001
AD01908,111-4,Street_50,A008,522002
AD01909,81-13,Street_57,A009,522002
AD01910,10-2,Street_23,A010,522001
AD01911,181-6,Street_63,A011,522002
AD01912,35-10,Street_50,A012,522002
AD01913,196-4,Street_73,A013,522002
AD01914,169-18,Street_70,A014,522002
AD01915,122-18,Street_21,A015,520001
AD01916,101-9,Street_64,A016,522002
AD01917,158-12,Street_37,A017,522001
AD01918,16-1,Street_76,A018,520001
AD01919,33-12,Street_45,A019,520001
AD01920,196-11,Street_49,A020,520001
AD01921,110-12,Street_46,A021,522002
AD01922,90-2,Street_32,A022,520002
AD01923,61-10,Street_76,A023,520001
AD01924,177-3,Street_40,A024,520001
AD01925,87-6,Street_3,A025,522001
AD01926,10-15,Street_55,A026,522002
AD01927,69-1,Street_61,A027,520001
AD01928,82-13,Street_74,A028,522002
AD01929,83-19,Street_13,A029,522002
AD01930,26-7,Street_44,A030,522002
AD01931,129-11,Street_22,A031,522001
AD01932,94-14,Street_26,A032,522002
AD01933,163-3,Street_69,A033,520002
AD01934,74-9,Street_7,A034,522001
AD01935,147-13,Street_29,A035,520001
AD01936,184-19,Street_13,A036,522001
AD01937,70-3,Street_73,A037,522002
AD01938,110-7,Street_45,A038,520001
AD01939,167-10,Street_65,A039,522001
AD01940,111-18,Street_41,A040,520002
AD01941,107-13,Street_33,A041,522002
AD01942,172-18,Street_24,A042,520001
AD01943,161-17,Street_24,A043,522002
AD01944,55-15,Street_35,A044,522002
AD01945,145-2,Street_67,A045,520002
AD01946,94-15,Street_19,A046,520002
AD01947,39-10,Street_56,A047,522002
AD01948,82-3,Street_27,A048,522002
AD01949,69-10,Street_21,A049,522001
AD01950,176-20,Street_31,A050,522002
AD01951,62-4,Street_20,A051,520002
AD01952,8-8,Street_40,A052,522002
AD01953,125-18,Street_56,A053,522002
AD01954,166-2,Street_26,A054,520002
AD01955,70-5,Street_4,A055,522001
AD01956,72-18,Street_23,A056,520001
AD01957,185-16,Street_3,A057,520001
AD01958,22-11,Street_78,A058,522001
AD01959,17-14,Street_47,A059,520001
AD01960,102-5,Street_31,A060,520001
AD01961,147-17,Street_16,A061,522001
AD01962,128-3,Street_31,A062,520001
AD01963,198-11,Street_43,A063,522002
AD01964,192-8,Street_55,A064,520002
AD01965,37-4,Street_23,A065,520002
AD01966,71-15,Street_53,A066,522001
AD01967,151-2,Street_63,A067,522001
AD01968,180-4,Street_41,A068,522002
AD01969,122-8,Street_36,A069,520002
AD01970,93-16,Street_48,A070,522001
AD01971,6-20,Street_5,A071,520001
AD01972,177-8,Street_33,A072,522002
AD01973,80-12,Street_16,A073,520002
AD01974,114-13,Street_2,A074,522002
AD01975,66-10,Street_12,A075,520002
AD01976,77-7,Street_21,A076,522002
AD01977,162-11,Street_53,A077,520001
AD01978,71-3,Street_63,A078,522002
AD01979,189-14,Street_43,A079,522002
AD01980,26-6,Street_34,A080,520001
AD01981,91-14,Street_78,A081,522001
AD01982,117-1,Street_7,A082,520002
AD01983,162-15,Street_18,A083,520001
AD01984,103-7,Street_40,A084,522001
AD01985,148-3,Street_15,A085,520002
AD01986,64-17,Street_17,A086,522002
AD01987,82-15,Street_62,A087,520002
AD01988,67-6,Street_76,A088,522001
AD01989,73-7,Street_11,A089,522002
AD01990,95-6,Street_51,A090,522002
AD01991,147-8,Street_3,A091,520001
AD01992,143-20,Street_30,A092,520001
AD01993,119-7,Street_34,A093,520002
AD01994,13-13,Street_80,A094,522002
AD01995,154-9,Street_20,A095,520001
AD01996,95-6,Street_73,A096,520001
AD01997,4-17,Street_56,A097,522002
AD01998,173-16,Street_16,A098,520002
AD01999,183-7,Street_25,A099,522001
AD02000,74-16,Street_49,A100,520002
AD02001,111-7,Street_77,A001,520002
AD02002,73-7,Street_54,A002,520002
AD02003,105-5,Street_4,A003,522001
AD02004,68-8,Street_80,A004,522002
AD02005,64-12,Street_75,A005,522002
AD02006,22-1,Street_61,A006,520002
AD02007,83-13,Street_28,A007,522002
AD02008,182-14,Street_77,A008,522001
AD02009,19-4,Street_72,A009,520001
AD02010,14-11,Street_31,A010,522002
AD02011,91-20,Street_77,A011,520001
AD02012,2-9,Street_65,A012,522002
AD02013,78-13,Street_48,A013,520002
AD02014,144-2,Street_75,A014,520002
AD02015,67-6,Street_65,A015,522002
AD02016,87-15,Street_17,A016,520001
AD02017,82-17,Street_56,A017,520002
AD02018,67-4,Street_41,A018,520001
AD02019,33-16,Street_36,A019,522001
AD02020,111-10,Street_34,A020,522001
AD02021,133-11,Street_56,A021,520002
AD02022,81-16,Street_20,A022,522002
AD02023,14-7,Street_20,A023,520001
AD02024,59-6,Street_5,A024,522002
AD02025,67-6,Street_60,A025,522002
AD02026,30-16,Street_6,A026,522002
AD02027,92-18,Street_63,A027,522002
AD02028,127-4,Street_19,A028,520001
AD02029,90-3,Street_27,A029,522001
AD02030,47-6,Street_66,A030,522001
AD02031,145-19,Street_28,A031,520001
AD02032,135-19,Street_24,A032,522002
AD02033,20-8,Street_64,A033,520001
AD02034,85-1,Street_37,A034,520001
AD02035,101-12,Street_76,A035,520001
AD02036,83-5,Street_4,A036,520001
AD02037,118-16,Street_59,A037,522001
AD02038,153-1,Street_43,A038,520001
AD02039,168-20,Street_58,A039,522001
AD02040,188-19,Street_17,A040,520002
AD02041,13-10,Street_42,A041,520001
AD02042,191-3,Street_71,A042,522002
AD02043,24-13,Street_33,A043,520002
AD02044,62-13,Street_12,A044,520001
AD02045,54-6,Street_50,A045,522002
AD02046,73-5,Street_16,A046,522001
AD02047,126-14,Street_40,A047,520002
AD02048,92-4,Street_48,A048,520002
AD02049,126-15,Street_50,A049,522002
AD02050,69-19,Street_77,A050,522002
AD02051,24-14,Street_48,A051,520002
AD02052,112-14,Street_12,A052,520001
AD02053,132-11,Street_60,A053,520002
AD02054,166-5,Street_64,A054,520001
AD02055,75-15,Street_56,A055,520001
AD02056,123-10,Street_20,A056,520002
AD02057,176-10,Street_32,A057,522002
AD02058,76-19,Street_7,A058,520001
AD02059,12-17,Street_14,A059,522002
AD02060,106-4,Street_60,A060,522001
AD02061,91-9,Street_75,A061,520001
AD02062,197-17,Street_3,A062,520001
AD02063,190-15,Street_23,A063,520002
AD02064,101-2,Street_11,A064,522002
AD02065,181-10,Street_41,A065,522002
AD02066,194-15,Street_80,A066,522001
AD02067,88-6,Street_28,A067,520002
AD02068,21-20,Street_34,A068,520001
AD02069,112-18,Street_3,A069,520001
AD02070,102-4,Street_2,A070,520002
AD02071,168-16,Street_59,A071,522002
AD02072,169-20,Street_63,A072,522001
AD02073,159-20,Street_47,A073,522002
AD02074,78-3,Street_17,A074,520002
AD02075,4-7,Street_15,A075,520001
AD02076,179-7,Street_4,A076,520002
AD02077,124-5,Street_31,A077,522002
AD02078,161-18,Street_25,A078,520001
AD02079,78-15,Street_19,A079,522002
AD02080,109-1,Street_15,A080,520002
AD02081,40-15,Street_63,A081,522002
AD02082,6-15,Street_75,A082,520002
AD02083,52-10,Street_73,A083,522002
AD02084,14-11,Street_2,A084,520001
AD02085,162-14,Street_54,A085,522002
AD02086,189-19,Street_77,A086,522001
AD02087,10-16,Street_52,A087,522002
AD02088,132-19,Street_79,A088,522002
AD02089,60-2,Street_68,A089,520001
AD02090,109-19,Street_41,A090,520001
AD02091,69-14,Street_61,A091,520001
AD02092,127-20,Street_45,A092,522002
AD02093,179-14,Street_3,A093,520002
AD02094,74-7,Street_61,A094,522001
AD02095,113-8,Street_65,A095,520002
AD02096,151-11,Street_78,A096,522002
AD02097,34-10,Street_50,A097,522002
AD02098,173-12,Street_61,A098,520002
AD02099,160-7,Street_37,A099,520001
AD02100,171-16,Street_17,A100,520002
AD02101,52-6,Street_78,A001,522002
AD02102,26-14,Street_64,A002,522001
AD02103,61-7,Street_72,A003,520001
AD02104,5-12,Street_34,A004,522001
AD02105,174-6,Street_23,A005,520001
AD02106,17-11,Street_56,A006,520001
AD02107,159-8,Street_16,A007,520002
AD02108,125-9,Street_44,A008,522001
AD02109,197-2,Street_72,A009,522001
AD02110,39-17,Street_78,A010,520001
AD02111,181-2,Street_57,A011,522002
AD02112,194-4,Street_14,A012,520001
AD02113,144-2,Street_65,A013,520001
AD02114,43-4,Street_27,A014,522001
AD02115,41-10,Street_57,A015,522002
AD02116,188-4,Street_20,A016,522001
AD02117,86-5,Street_16,A017,520002
AD02118,113-14,Street_1,A018,520002
AD02119,122-11,Street_37,A019,520002
AD02120,22-9,Street_48,A020,522002
AD02121,93-8,Street_20,A021,522002
AD02122,59-5,Street_55,A022,522002
AD02123,105-15,Street_67,A023,522001
AD02124,8-15,Street_19,A024,520001
AD02125,184-17,Street_9,A025,520001
AD02126,87-11,Street_52,A026,520002
AD02127,112-2,Street_51,A027,520001
AD02128,170-5,Street_74,A028,520001
AD02129,162-17,Street_38,A029,522002
AD02130,103-18,Street_39,A030,522001
AD02131,89-1,Street_36,A031,520002
AD02132,180-13,Street_58,A032,520002
AD02133,140-20,Street_80,A033,522002
AD02134,179-12,Street_52,A034,520002
AD02135,78-3,Street_5,A035,522001
AD02136,100-5,Street_67,A036,522001
AD02137,55-3,Street_66,A037,522001
AD02138,134-11,Street_21,A038,520001
AD02139,8-18,Street_76,A039,522001
AD02140,62-10,Street_55,A040,520001
AD02141,188-2,Street_48,A041,522001
AD02142,161-17,Street_46,A042,520001
AD02143,13-4,Street_58,A043,522001
AD02144,147-1,Street_59,A044,522001
AD02145,61-19,Street_73,A045,520002
AD02146,90-10,Street_37,A046,520002
AD02147,183-13,Street_67,A047,520002
AD02148,27-11,Street_67,A048,520002
AD02149,200-12,Street_59,A049,520001
AD02150,38-14,Street_53,A050,520001
AD02151,24-2,Street_55,A051,520002
AD02152,122-7,Street_58,A052,520001
AD02153,95-17,Street_52,A053,522002
AD02154,68-19,Street_64,A054,522002
AD02155,113-16,Street_54,A055,520002
AD02156,37-17,Street_17,A056,522002
AD02157,183-15,Street_17,A057,520001
AD02158,178-7,Street_59,A058,522002
AD02159,9-6,Street_72,A059,522001
AD02160,31-20,Street_53,A060,520001
AD02161,31-12,Street_74,A061,522001
AD02162,11-17,Street_20,A062,520001
AD02163,96-10,Street_48,A063,522001
AD02164,76-16,Street_4,A064,520002
AD02165,37-19,Street_54,A065,520001
AD02166,79-10,Street_28,A066,520002
AD02167,190-16,Street_1,A067,520001
AD02168,141-12,Street_9,A068,520001
AD02169,107-16,Street_74,A069,522001
AD02170,145-15,Street_44,A070,522002
AD02171,122-20,Street_17,A071,520002
AD02172,130-15,Street_58,A072,522002
AD02173,39-11,Street_12,A073,522002
AD02174,100-8,Street_51,A074,522001
AD02175,139-2,Street_57,A075,522001
AD02176,166-3,Street_22,A076,520001
AD02177,147-10,Street_72,A077,520001
AD02178,165-18,Street_11,A078,520002
AD02179,159-18,Street_74,A079,520001
AD02180,146-17,Street_25,A080,522002
AD02181,129-1,Street_16,A081,520002
AD02182,5-9,Street_27,A082,520002
AD02183,181-19,Street_57,A083,520001
AD02184,137-20,Street_42,A084,522002
AD02185,151-2,Street_63,A085,520001
AD02186,88-14,Street_24,A086,522002
AD02187,7-17,Street_41,A087,522002
AD02188,66-3,Street_15,A088,520001
AD02189,139-6,Street_37,A089,520002
AD02190,47-9,Street_12,A090,520002
AD02191,79-14,Street_22,A091,520001
AD02192,158-11,Street_24,A092,520001
AD02193,183-2,Street_39,A093,522002
AD02194,26-11,Street_19,A094,522002
AD02195,83-9,Street_49,A095,520001
AD02196,14-7,Street_31,A096,520002
AD02197,127-17,Street_65,A097,522002
AD02198,30-9,Street_8,A098,522001
AD02199,119-18,Street_53,A099,520001
AD02200,124-1,Street_53,A100,520002
AD02201,5-9,Street_71,A001,520001
AD02202,64-18,Street_17,A002,522001
AD02203,146-14,Street_58,A003,520001
AD02204,163-17,Street_27,A004,520002
AD02205,96-18,Street_22,A005,520002
AD02206,138-14,Street_72,A006,522002
AD02207,11-1,Street_60,A007,522001
AD02208,168-6,Street_1,A008,520001
AD02209,124-9,Street_77,A009,522001
AD02210,175-13,Street_45,A010,520002
AD02211,150-17,Street_37,A011,520001
AD02212,42-18,Street_73,A012,520001
AD02213,77-3,Street_51,A013,520001
AD02214,36-18,Street_36,A014,522002
AD02215,54-20,Street_65,A015,522001
AD02216,175-11,Street_34,A016,522002
AD02217,70-8,Street_42,A017,522001
AD02218,54-15,Street_77,A018,522001
AD02219,5-5,Street_1,A019,522002
AD02220,2-1,Street_23,A020,522002
AD02221,143-16,Street_51,A021,520001
AD02222,167-3,Street_69,A022,520001
AD02223,172-15,Street_16,A023,522001
AD02224,97-20,Street_46,A024,522002
AD02225,46-1,Street_16,A025,522002
AD02226,95-7,Street_57,A026,520001
AD02227,57-1,Street_36,A027,522001
AD02228,50-3,Street_79,A028,522001
AD02229,184-8,Street_30,A029,522002
AD02230,93-2,Street_36,A030,522002
AD02231,181-20,Street_27,A031,520001
AD02232,51-13,Street_15,A032,522001
AD02233,146-17,Street_64,A033,520002
AD02234,142-7,Street_73,A034,520002
AD02235,17-19,Street_17,A035,520001
AD02236,33-9,Street_73,A036,520002
AD02237,134-9,Street_25,A037,520001
AD02238,178-18,Street_79,A038,522001
AD02239,175-18,Street_59,A039,520001
AD02240,110-2,Street_42,A040,522002
AD02241,105-9,Street_16,A041,522002
AD02242,127-12,Street_67,A042,520001
AD02243,185-8,Street_7,A043,522001
AD02244,108-18,Street_58,A044,522001
AD02245,2-13,Street_25,A045,522001
AD02246,21-19,Street_4,A046,520002
AD02247,177-14,Street_10,A047,520002
AD02248,51-6,Street_43,A048,522001
AD02249,17-4,Street_4,A049,522002
AD02250,111-1,Street_76,A050,522001
AD02251,65-8,Street_14,A051,522002
AD02252,62-11,Street_7,A052,522001
AD02253,134-8,Street_10,A053,522002
AD02254,196-4,Street_58,A054,520001
AD02255,22-2,Street_5,A055,522002
AD02256,81-3,Street_17,A056,520001
AD02257,114-2,Street_39,A057,522002
AD02258,17-4,Street_8,A058,520001
AD02259,76-13,Street_52,A059,520001
AD02260,159-14,Street_30,A060,520001
AD02261,117-13,Street_60,A061,522002
AD02262,159-20,Street_13,A062,522001
AD02263,167-1,Street_59,A063,522001
AD02264,151-7,Street_14,A064,520001
AD02265,4-20,Street_9,A065,520002
AD02266,147-5,Street_66,A066,522001
AD02267,91-14,Street_62,A067,522002
AD02268,48-8,Street_18,A068,520001
AD02269,16-5,Street_40,A069,522002
AD02270,132-12,Street_40,A070,520002
AD02271,38-16,Street_40,A071,522001
AD02272,75-12,Street_2,A072,520002
AD02273,15-8,Street_65,A073,520001
AD02274,109-12,Street_26,A074,520002
AD02275,164-7,Street_9,A075,522001
AD02276,49-16,Street_60,A076,522001
AD02277,149-19,Street_43,A077,522001
AD02278,108-11,Street_21,A078,520001
AD02279,117-2,Street_64,A079,520002
AD02280,1-8,Street_30,A080,522002
AD02281,160-7,Street_31,A081,522002
AD02282,189-11,Street_49,A082,520002
AD02283,103-6,Street_1,A083,522001
AD02284,3-3,Street_46,A084,520001
AD02285,143-4,Street_19,A085,522001
AD02286,113-7,Street_75,A086,522001
AD02287,12-1,Street_26,A087,520002
AD02288,73-6,Street_29,A088,522001
AD02289,185-6,Street_44,A089,520002
AD02290,46-7,Street_3,A090,520002
AD02291,68-4,Street_3,A091,520002
AD02292,98-4,Street_44,A092,520002
AD02293,79-15,Street_31,A093,522001
AD02294,96-6,Street_68,A094,522002
AD02295,183-3,Street_16,A095,520002
AD02296,34-7,Street_25,A096,522002
AD02297,178-12,Street_41,A097,522002
AD02298,163-8,Street_6,A098,520002
AD02299,138-10,Street_20,A099,522001
AD02300,64-2,Street_36,A100,520002
AD02301,131-19,Street_63,A001,520002
AD02302,187-3,Street_61,A002,520001
AD02303,43-17,Street_50,A003,522001
AD02304,128-17,Street_60,A004,520002
AD02305,83-12,Street_68,A005,522002
AD02306,184-16,Street_61,A006,522001
AD02307,149-13,Street_75,A007,520001
AD02308,54-8,Street_26,A008,522002
AD02309,61-13,Street_28,A009,522001
AD02310,109-13,Street_74,A010,520002
AD02311,96-9,Street_71,A011,520001
AD02312,35-3,Street_38,A012,522002
AD02313,133-12,Street_30,A013,520001
AD02314,120-17,Street_80,A014,522001
AD02315,110-15,Street_60,A015,522002
AD02316,105-12,Street_64,A016,522001
AD02317,70-13,Street_4,A017,520002
AD02318,114-8,Street_34,A018,520001
AD02319,92-3,Street_38,A019,520001
AD02320,71-8,Street_13,A020,520001
AD02321,19-12,Street_5,A021,520002
AD02322,86-7,Street_43,A022,522001
AD02323,78-9,Street_25,A023,520002
AD02324,193-18,Street_34,A024,520001
AD02325,198-10,Street_37,A025,522001
AD02326,104-13,Street_75,A026,520001
AD02327,121-17,Street_20,A027,522002
AD02328,59-8,Street_27,A028,522002
AD02329,60-17,Street_76,A029,522002
AD02330,185-15,Street_44,A030,520001
AD02331,81-7,Street_55,A031,522002
AD02332,54-15,Street_58,A032,520001
AD02333,96-5,Street_74,A033,520002
AD02334,79-1,Street_64,A034,522001
AD02335,87-8,Street_54,A035,522002
AD02336,176-13,Street_69,A036,522001
AD02337,84-19,Street_3,A037,520001
AD02338,36-5,Street_43,A038,522002
AD02339,98-7,Street_51,A039,520001
AD02340,137-13,Street_25,A040,522002
AD02341,28-11,Street_73,A041,522002
AD02342,164-10,Street_12,A042,520002
AD02343,27-18,Street_23,A043,520001
AD02344,177-20,Street_63,A044,520001
AD02345,48-7,Street_9,A045,522002
AD02346,73-7,Street_30,A046,522001
AD02347,169-17,Street_9,A047,522002
AD02348,15-12,Street_67,A048,520001
AD02349,44-11,Street_53,A049,522002
AD02350,41-4,Street_17,A050,522002
AD02351,123-3,Street_50,A051,520002
AD02352,34-7,Street_40,A052,522002
AD02353,182-16,Street_21,A053,522001
AD02354,151-7,Street_65,A054,522002
AD02355,71-7,Street_1,A055,520002
AD02356,115-3,Street_52,A056,520002
AD02357,135-11,Street_73,A057,522002
AD02358,118-15,Street_74,A058,520001
AD02359,189-3,Street_37,A059,522002
AD02360,89-10,Street_51,A060,520002
AD02361,107-8,Street_23,A061,522002
AD02362,118-13,Street_24,A062,520001
AD02363,101-2,Street_31,A063,520002
AD02364,71-18,Street_38,A064,520001
AD02365,179-7,Street_64,A065,522002
AD02366,196-18,Street_16,A066,522001
AD02367,20-4,Street_65,A067,522001
AD02368,105-15,Street_22,A068,522001
AD02369,54-17,Street_6,A069,522002
AD02370,7-3,Street_60,A070,522002
AD02371,88-13,Street_25,A071,522002
AD02372,10-1,Street_33,A072,520001
AD02373,182-5,Street_42,A073,522002
AD02374,125-15,Street_9,A074,520001
AD02375,141-8,Street_57,A075,520002
AD02376,121-9,Street_21,A076,520002
AD02377,5-20,Street_13,A077,520002
AD02378,76-4,Street_69,A078,522002
AD02379,44-3,Street_2,A079,522001
AD02380,40-15,Street_46,A080,520002
AD02381,56-2,Street_69,A081,520002
AD02382,114-2,Street_67,A082,520001
AD02383,100-10,Street_57,A083,520001
AD02384,154-1,Street_7,A084,522002
AD02385,197-7,Street_32,A085,522001
AD02386,62-7,Street_12,A086,520001
AD02387,108-1,Street_2,A087,522001
AD02388,50-3,Street_29,A088,520001
AD02389,171-6,Street_22,A089,520001
AD02390,107-17,Street_14,A090,522001
AD02391,83-18,Street_25,A091,520002
AD02392,139-13,Street_55,A092,520001
AD02393,60-7,Street_14,A093,522001
AD02394,83-6,Street_2,A094,522002
AD02395,168-11,Street_2,A095,522002
AD02396,55-15,Street_29,A096,520001
AD02397,169-9,Street_80,A097,522001
AD02398,12-3,Street_28,A098,522002
AD02399,78-20,Street_64,A099,520001
AD02400,183-18,Street_73,A100,520002
AD02401,65-4,Street_77,A001,522001
AD02402,162-13,Street_18,A002,522001
AD02403,45-11,Street_62,A003,520001
AD02404,86-1,Street_78,A004,522002
AD02405,98-17,Street_30,A005,520001
AD02406,60-1,Street_79,A006,520001
AD02407,80-8,Street_55,A007,520002
AD02408,159-3,Street_8,A008,520002
AD02409,96-16,Street_38,A009,520002
AD02410,39-13,Street_27,A010,520001
AD02411,61-20,Street_57,A011,522001
AD02412,35-9,Street_41,A012,520001
AD02413,134-14,Street_37,A013,520001
AD02414,59-11,Street_44,A014,520002
AD02415,53-18,Street_7,A015,520002
AD02416,176-8,Street_78,A016,522002
AD02417,134-11,Street_24,A017,522002
AD02418,162-1,Street_9,A018,522002
AD02419,18-7,Street_7,A019,520002
AD02420,53-5,Street_12,A020,520002
AD02421,152-18,Street_27,A021,520002
AD02422,130-3,Street_55,A022,522002
AD02423,80-6,Street_26,A023,520002
AD02424,109-6,Street_78,A024,520002
AD02425,78-10,Street_74,A025,522002
AD02426,163-7,Street_35,A026,522002
AD02427,21-12,Street_51,A027,522002
AD02428,43-16,Street_57,A028,522002
AD02429,130-20,Street_56,A029,520002
AD02430,124-1,Street_49,A030,522002
AD02431,22-10,Street_77,A031,520002
AD02432,142-6,Street_33,A032,522002
AD02433,119-10,Street_59,A033,522001
AD02434,97-18,Street_78,A034,522002
AD02435,19-11,Street_18,A035,522002
AD02436,51-5,Street_25,A036,520001
AD02437,4-17,Street_48,A037,522002
AD02438,104-14,Street_51,A038,522001
AD02439,99-16,Street_40,A039,520001
AD02440,105-2,Street_16,A040,522002
AD02441,145-6,Street_25,A041,522002
AD02442,66-12,Street_66,A042,522002
AD02443,163-12,Street_8,A043,522002
AD02444,109-8,Street_32,A044,522002
AD02445,9-12,Street_4,A045,520002
AD02446,67-20,Street_59,A046,520002
AD02447,66-8,Street_78,A047,520002
AD02448,4-4,Street_12,A048,522002
AD02449,102-19,Street_11,A049,520002
AD02450,109-6,Street_55,A050,522001
AD02451,178-10,Street_65,A051,522002
AD02452,151-10,Street_53,A052,520001
AD02453,28-19,Street_45,A053,520002
AD02454,69-7,Street_51,A054,522001
AD02455,2-6,Street_63,A055,520001
AD02456,25-3,Street_54,A056,522002
AD02457,168-10,Street_56,A057,520002
AD02458,46-12,Street_24,A058,520002
AD02459,51-16,Street_24,A059,520001
AD02460,116-19,Street_28,A060,520002
AD02461,52-2,Street_24,A061,520002
AD02462,67-14,Street_57,A062,520001
AD02463,163-6,Street_11,A063,522001
AD02464,22-13,Street_16,A064,522001
AD02465,17-11,Street_4,A065,520002
AD02466,123-16,Street_13,A066,520001
AD02467,16-9,Street_1,A067,520001
AD02468,25-7,Street_67,A068,520001
AD02469,97-20,Street_67,A069,522001
AD02470,125-16,Street_44,A070,522002
AD02471,87-12,Street_44,A071,522001
AD02472,62-12,Street_52,A072,522002
AD02473,157-2,Street_46,A073,522001
AD02474,26-1,Street_59,A074,522002
AD02475,186-5,Street_4,A075,520001
AD02476,136-9,Street_32,A076,522001
AD02477,116-20,Street_61,A077,522002
AD02478,170-7,Street_1,A078,522001
AD02479,5-12,Street_6,A079,522001
AD02480,174-15,Street_30,A080,522002
AD02481,103-20,Street_11,A081,522001
AD02482,110-16,Street_13,A082,522002
AD02483,76-20,Street_25,A083,520002
AD02484,134-19,Street_65,A084,520001
AD02485,33-16,Street_12,A085,522001
AD02486,173-18,Street_60,A086,520002
AD02487,115-4,Street_62,A087,520002
AD02488,63-7,Street_22,A088,520001
AD02489,28-14,Street_4,A089,520002
AD02490,84-13,Street_36,A090,520002
AD02491,185-9,Street_61,A091,520001
AD02492,171-5,Street_69,A092,522002
AD02493,24-11,Street_29,A093,520001
AD02494,165-11,Street_49,A094,522002
AD02495,168-18,Street_56,A095,520002
AD02496,58-9,Street_15,A096,522001
AD02497,23-4,Street_12,A097,522001
AD02498,190-19,Street_25,A098,520001
AD02499,147-12,Street_17,A099,522001
AD02500,98-19,Street_1,A100,522001
