citizenId,scheme
C02700,Free Gas Cylinders
C01940,Dokka Seethamma
C00860,Free Gas Cylinders
C00694,Dokka Seethamma
C01285,Thalli Bidda
C01191,Free Bus Travel for Women
C04221,Deepam 2.0
C03577,Unemployment Allowance
C01078,Free Gas Cylinders
C00807,Dokka Seethamma
C02813,Deepam 2.0
C02969,Free Gas Cylinders
C03826,Dr NTR Vaidya Seva
C04325,Dokka Seethamma
C00650,Free Gas Cylinders
C02773,Talliki Vandanam
C01997,Talliki Vandanam
C04205,Annadata Sukhibhava
C04712,Dr NTR Vaidya Seva
C02690,Unemployment Allowance
C02145,Dokka Seethamma
C03715,Dr NTR Vaidya Seva
C00847,Free Gas Cylinders
C00123,Unemployment Allowance
C04199,Dokka Seethamma
C02308,Annadata Sukhibhava
C02666,Talliki Vandanam
C04182,Deepam 2.0
C02092,Unemployment Allowance
C03336,Unemployment Allowance
C00337,Free Bus Travel for Women
C02724,Talliki Vandanam
C03635,Dr NTR Vaidya Seva
C04880,Free Gas Cylinders
C02840,Free Gas Cylinders
C04927,Free Bus Travel for Women
C03017,Free Gas Cylinders
C04165,Dokka Seethamma
C00638,Talliki Vandanam
C04160,Deepam 2.0
C01250,Thalli Bidda
C03594,Free Gas Cylinders
C02458,Thalli Bidda
C03703,Thalli Bidda
C04040,Unemployment Allowance
C03049,Deepam 2.0
C03031,Unemployment Allowance
C00963,Deepam 2.0
C01777,Dokka Seethamma
C03665,Deepam 2.0
C02364,Free Bus Travel for Women
C03953,Thalli Bidda
C00316,Talliki Vandanam
C04043,Talliki Vandanam
C02335,Free Gas Cylinders
C02984,Unemployment Allowance
C04485,Unemployment Allowance
C04663,Dr NTR Vaidya Seva
C03784,Unemployment Allowance
C00865,Dr NTR Vaidya Seva
C03493,Deepam 2.0
C01618,Free Gas Cylinders
C03456,Thalli Bidda
C00962,Deepam 2.0
C02703,Free Gas Cylinders
C04802,Free Bus Travel for Women
C02815,Talliki Vandanam
C01383,Thalli Bidda
C03531,Thalli Bidda
C02159,Talliki Vandanam
C03077,Unemployment Allowance
C01016,Deepam 2.0
C01254,Thalli Bidda
C01209,Thalli Bidda
C03255,Free Gas Cylinders
C01617,Annadata Sukhibhava
C02319,Free Gas Cylinders
C00928,Free Bus Travel for Women
C02264,Annadata Sukhibhava
C04067,Talliki Vandanam
C00458,Free Gas Cylinders
C02318,Free Gas Cylinders
C02756,Dokka Seethamma
C01972,Unemployment Allowance
C02894,Free Gas Cylinders
C02755,Free Gas Cylinders
C03565,Deepam 2.0
C01008,Dr NTR Vaidya Seva
C04574,Free Bus Travel for Women
C01668,Free Gas Cylinders
C03963,Dr NTR Vaidya Seva
C03398,Dokka Seethamma
C00443,Dokka Seethamma
C02918,Talliki Vandanam
C02471,Annadata Sukhibhava
C00246,Dokka Seethamma
C03420,Talliki Vandanam
C02407,Free Bus Travel for Women
C00651,Thalli Bidda
C00728,Free Gas Cylinders
C02701,Thalli Bidda
C04581,Free Gas Cylinders
C01300,Annadata Sukhibhava
C04744,Thalli Bidda
C04777,Free Bus Travel for Women
C01828,Dr NTR Vaidya Seva
C04555,Dr NTR Vaidya Seva
C00379,Free Bus Travel for Women
C00562,Dr NTR Vaidya Seva
C00296,Dokka Seethamma
C04717,Dokka Seethamma
C04147,Dokka Seethamma
C02870,Talliki Vandanam
C00721,Talliki Vandanam
C03020,Free Gas Cylinders
C04521,Free Bus Travel for Women
C04893,Annadata Sukhibhava
C00761,Annadata Sukhibhava
C03027,Free Bus Travel for Women
C01419,Talliki Vandanam
C01326,Dr NTR Vaidya Seva
C02336,Talliki Vandanam
C00271,Free Bus Travel for Women
C01945,Free Bus Travel for Women
C04675,Dr NTR Vaidya Seva
C01991,Thalli Bidda
C04813,Talliki Vandanam
C01516,Talliki Vandanam
C01935,Dokka Seethamma
C04592,Thalli Bidda
C04250,Deepam 2.0
C00515,Dokka Seethamma
C04361,Free Bus Travel for Women
C04328,Unemployment Allowance
C02322,Thalli Bidda
C04258,Annadata Sukhibhava
C03377,Thalli Bidda
C03542,Dr NTR Vaidya Seva
C02036,Unemployment Allowance
C01107,Talliki Vandanam
C04454,Free Bus Travel for Women
C02450,Dokka Seethamma
C00760,Deepam 2.0
C02409,Deepam 2.0
C03316,Dr NTR Vaidya Seva
C02393,Thalli Bidda
C02279,Deepam 2.0
C03384,Unemployment Allowance
C02252,Talliki Vandanam
C02111,Thalli Bidda
C04578,Free Bus Travel for Women
C01364,Thalli Bidda
C04910,Dr NTR Vaidya Seva
C03330,Free Bus Travel for Women
C03624,Free Gas Cylinders
C04246,Annadata Sukhibhava
C04503,Thalli Bidda
C03635,Unemployment Allowance
C02234,Deepam 2.0
C02549,Dr NTR Vaidya Seva
C04313,Thalli Bidda
C00724,Unemployment Allowance
C02108,Dr NTR Vaidya Seva
C04996,Free Bus Travel for Women
C04662,Free Gas Cylinders
C02043,Annadata Sukhibhava
C02680,Free Gas Cylinders
C03582,Dr NTR Vaidya Seva
C02548,Deepam 2.0
C01606,Unemployment Allowance
C00084,Deepam 2.0
C03104,Talliki Vandanam
C04551,Dr NTR Vaidya Seva
C02198,Dr NTR Vaidya Seva
C03199,Dr NTR Vaidya Seva
C04255,Annadata Sukhibhava
C00998,Dokka Seethamma
C01492,Deepam 2.0
C04724,Deepam 2.0
C01991,Deepam 2.0
C02182,Dr NTR Vaidya Seva
C04590,Thalli Bidda
C01126,Deepam 2.0
C00430,Free Bus Travel for Women
C03832,Free Bus Travel for Women
C01888,Thalli Bidda
C04572,Unemployment Allowance
C00437,Dr NTR Vaidya Seva
C00527,Free Bus Travel for Women
C04217,Dr NTR Vaidya Seva
C04030,Unemployment Allowance
C04267,Free Gas Cylinders
C04062,Dokka Seethamma
C02004,Talliki Vandanam
C02175,Free Gas Cylinders
C02686,Dr NTR Vaidya Seva
C02667,Thalli Bidda
C03272,Free Gas Cylinders
C03772,Dokka Seethamma
C03157,Dokka Seethamma
C00018,Talliki Vandanam
C02889,Free Gas Cylinders
C00550,Deepam 2.0
C03241,Thalli Bidda
C03477,Unemployment Allowance
C02093,Unemployment Allowance
C01760,Dr NTR Vaidya Seva
C01837,Deepam 2.0
C03825,Talliki Vandanam
C03012,Dr NTR Vaidya Seva
C00880,Unemployment Allowance
C03559,Free Gas Cylinders
C01581,Unemployment Allowance
C02075,Deepam 2.0
C00347,Talliki Vandanam
C02391,Deepam 2.0
C00720,Dokka Seethamma
C03534,Thalli Bidda
C02049,Thalli Bidda
C00818,Free Gas Cylinders
C01125,Talliki Vandanam
C02045,Free Gas Cylinders
C00679,Annadata Sukhibhava
C04683,Dokka Seethamma
C02848,Talliki Vandanam
C02788,Dr NTR Vaidya Seva
C03065,Annadata Sukhibhava
C01929,Free Bus Travel for Women
C02594,Dokka Seethamma
C02618,Talliki Vandanam
C04452,Annadata Sukhibhava
C02156,Free Bus Travel for Women
C01521,Deepam 2.0
C04610,Dokka Seethamma
C03898,Dr NTR Vaidya Seva
C03365,Free Bus Travel for Women
C01526,Thalli Bidda
C04842,Talliki Vandanam
C02287,Deepam 2.0
C01698,Free Bus Travel for Women
C04489,Annadata Sukhibhava
C00013,Dr NTR Vaidya Seva
C00333,Dokka Seethamma
C00635,Thalli Bidda
C00355,Talliki Vandanam
C02979,Deepam 2.0
C01040,Annadata Sukhibhava
C04332,Unemployment Allowance
C02864,Thalli Bidda
C02421,Dr NTR Vaidya Seva
C02965,Talliki Vandanam
C02735,Deepam 2.0
C03876,Talliki Vandanam
C01477,Free Gas Cylinders
C03517,Annadata Sukhibhava
C00927,Unemployment Allowance
C01766,Free Gas Cylinders
C04128,Free Bus Travel for Women
C00367,Unemployment Allowance
C00052,Thalli Bidda
C03926,Free Gas Cylinders
C01012,Free Bus Travel for Women
C00329,Dr NTR Vaidya Seva
C00630,Talliki Vandanam
C04878,Deepam 2.0
C01147,Annadata Sukhibhava
C03289,Dokka Seethamma
C04815,Thalli Bidda
C02356,Free Gas Cylinders
C01648,Thalli Bidda
C00904,Unemployment Allowance
C03662,Free Bus Travel for Women
C01270,Talliki Vandanam
C02322,Free Bus Travel for Women
C00678,Deepam 2.0
C03633,Unemployment Allowance
C02040,Annadata Sukhibhava
C01472,Dr NTR Vaidya Seva
C03482,Dr NTR Vaidya Seva
C02879,Dr NTR Vaidya Seva
C00355,Deepam 2.0
C01816,Free Bus Travel for Women
C03291,Annadata Sukhibhava
C03391,Free Gas Cylinders
C02784,Dokka Seethamma
C00182,Dr NTR Vaidya Seva
C01193,Unemployment Allowance
C03717,Free Gas Cylinders
C02718,Free Gas Cylinders
C01228,Dr NTR Vaidya Seva
C03743,Deepam 2.0
C00444,Free Bus Travel for Women
C03320,Thalli Bidda
C00471,Deepam 2.0
C03725,Free Gas Cylinders
C00924,Talliki Vandanam
C00064,Free Gas Cylinders
C03577,Dokka Seethamma
C03994,Talliki Vandanam
C03492,Talliki Vandanam
C02615,Thalli Bidda
C00623,Annadata Sukhibhava
C01457,Annadata Sukhibhava
C04281,Annadata Sukhibhava
C03139,Thalli Bidda
C04906,Free Bus Travel for Women
C01477,Free Bus Travel for Women
C02990,Free Bus Travel for Women
C04706,Free Bus Travel for Women
C01896,Talliki Vandanam
C03036,Unemployment Allowance
C04340,Unemployment Allowance
C04774,Free Gas Cylinders
C00671,Dr NTR Vaidya Seva
C02711,Thalli Bidda
C00460,Thalli Bidda
C04766,Unemployment Allowance
C01543,Deepam 2.0
C00887,Dokka Seethamma
C01862,Talliki Vandanam
C01212,Unemployment Allowance
C01448,Dr NTR Vaidya Seva
C02172,Dr NTR Vaidya Seva
C04329,Free Gas Cylinders
C02711,Annadata Sukhibhava
C04699,Talliki Vandanam
C01169,Talliki Vandanam
C02496,Annadata Sukhibhava
C00531,Free Gas Cylinders
C02497,Dokka Seethamma
C04133,Talliki Vandanam
C02590,Annadata Sukhibhava
C00409,Free Bus Travel for Women
C01560,Unemployment Allowance
C03206,Free Gas Cylinders
C02031,Free Bus Travel for Women
C03414,Free Bus Travel for Women
C01951,Talliki Vandanam
C02587,Thalli Bidda
C03018,Unemployment Allowance
C01586,Thalli Bidda
C00434,Talliki Vandanam
C04733,Dokka Seethamma
C02309,Annadata Sukhibhava
C03323,Unemployment Allowance
C01912,Thalli Bidda
C03678,Talliki Vandanam
C01202,Annadata Sukhibhava
C03789,Talliki Vandanam
C02209,Thalli Bidda
C00504,Annadata Sukhibhava
C01507,Free Gas Cylinders
C01390,Dokka Seethamma
C01835,Free Bus Travel for Women
C04632,Thalli Bidda
C00759,Thalli Bidda
C04417,Free Gas Cylinders
C03119,Dokka Seethamma
C00889,Thalli Bidda
C03102,Thalli Bidda
C03072,Talliki Vandanam
C02905,Annadata Sukhibhava
C04044,Free Bus Travel for Women
C04611,Free Bus Travel for Women
C00251,Annadata Sukhibhava
C00469,Free Gas Cylinders
C02975,Annadata Sukhibhava
C03101,Dokka Seethamma
C01550,Free Bus Travel for Women
C00604,Thalli Bidda
C04824,Free Bus Travel for Women
C03079,Unemployment Allowance
C04093,Talliki Vandanam
C04253,Unemployment Allowance
C02458,Talliki Vandanam
C03160,Free Gas Cylinders
C02425,Free Gas Cylinders
C01223,Free Gas Cylinders
C04678,Free Bus Travel for Women
C03020,Thalli Bidda
C00176,Thalli Bidda
C03131,Free Gas Cylinders
C00055,Unemployment Allowance
C03211,Deepam 2.0
C00102,Thalli Bidda
C04408,Free Gas Cylinders
C03485,Deepam 2.0
C01494,Thalli Bidda
C00907,Deepam 2.0
C03365,Talliki Vandanam
C01055,Dr NTR Vaidya Seva
C00532,Annadata Sukhibhava
C04597,Dr NTR Vaidya Seva
C04199,Talliki Vandanam
C00963,Talliki Vandanam
C04968,Free Bus Travel for Women
C03572,Talliki Vandanam
C04814,Annadata Sukhibhava
C04830,Unemployment Allowance
C04684,Talliki Vandanam
C04553,Annadata Sukhibhava
C03829,Talliki Vandanam
C00402,Free Bus Travel for Women
C01114,Thalli Bidda
C03328,Deepam 2.0
C04321,Talliki Vandanam
C02824,Dokka Seethamma
C03784,Thalli Bidda
C04022,Thalli Bidda
C00408,Annadata Sukhibhava
C02274,Thalli Bidda
C01099,Dr NTR Vaidya Seva
C04150,Deepam 2.0
C00824,Annadata Sukhibhava
C04614,Free Gas Cylinders
C03497,Dr NTR Vaidya Seva
C02507,Dr NTR Vaidya Seva
C00231,Thalli Bidda
C03684,Free Bus Travel for Women
C02605,Free Gas Cylinders
C03198,Annadata Sukhibhava
C04857,Deepam 2.0
C01224,Talliki Vandanam
C02901,Annadata Sukhibhava
C01677,Free Gas Cylinders
C03288,Free Bus Travel for Women
C04661,Thalli Bidda
C02313,Dokka Seethamma
C04996,Deepam 2.0
C02882,Talliki Vandanam
C00400,Thalli Bidda
C02924,Annadata Sukhibhava
C03477,Thalli Bidda
C02177,Dokka Seethamma
C03409,Thalli Bidda
C01550,Free Gas Cylinders
C04435,Annadata Sukhibhava
C04514,Deepam 2.0
C00926,Thalli Bidda
C04069,Unemployment Allowance
C04175,Thalli Bidda
C02312,Thalli Bidda
C03696,Free Bus Travel for Women
C03063,Free Gas Cylinders
C04507,Unemployment Allowance
C01771,Dokka Seethamma
C01927,Free Gas Cylinders
C03168,Thalli Bidda
C01018,Deepam 2.0
C02873,Deepam 2.0
C00296,Annadata Sukhibhava
C01640,Talliki Vandanam
C03113,Unemployment Allowance
C03489,Annadata Sukhibhava
C01219,Dr NTR Vaidya Seva
C04022,Annadata Sukhibhava
C04730,Annadata Sukhibhava
C04658,Dr NTR Vaidya Seva
C04795,Free Bus Travel for Women
C01728,Free Gas Cylinders
C01958,Talliki Vandanam
C01744,Annadata Sukhibhava
C02010,Dokka Seethamma
C03919,Dokka Seethamma
C01776,Talliki Vandanam
C02630,Dr NTR Vaidya Seva
C04345,Deepam 2.0
C04224,Thalli Bidda
C03064,Free Bus Travel for Women
C01929,Free Gas Cylinders
C02716,Deepam 2.0
C03470,Deepam 2.0
C00437,Deepam 2.0
C04901,Unemployment Allowance
C04497,Thalli Bidda
C02078,Thalli Bidda
C04131,Annadata Sukhibhava
C00932,Deepam 2.0
C04576,Deepam 2.0
C03304,Free Bus Travel for Women
C02379,Free Gas Cylinders
C01002,Thalli Bidda
C01891,Deepam 2.0
C01045,Deepam 2.0
C04744,Free Bus Travel for Women
C00678,Thalli Bidda
C03770,Dokka Seethamma
C03535,Free Gas Cylinders
C00067,Free Bus Travel for Women
C04651,Unemployment Allowance
C03600,Free Gas Cylinders
C00455,Free Gas Cylinders
C02668,Thalli Bidda
C04055,Thalli Bidda
C04609,Annadata Sukhibhava
C03758,Unemployment Allowance
C01670,Annadata Sukhibhava
C01029,Unemployment Allowance
C01735,Unemployment Allowance
C02616,Free Bus Travel for Women
C02866,Free Bus Travel for Women
C04120,Annadata Sukhibhava
C00563,Free Gas Cylinders
C04055,Free Gas Cylinders
C00260,Deepam 2.0
C03764,Deepam 2.0
C00411,Unemployment Allowance
C04224,Talliki Vandanam
C01541,Dr NTR Vaidya Seva
C04846,Free Gas Cylinders
C03693,Free Gas Cylinders
C03422,Deepam 2.0
C02102,Free Bus Travel for Women
C01635,Annadata Sukhibhava
C03334,Dokka Seethamma
C03094,Thalli Bidda
C00040,Dokka Seethamma
C04400,Free Gas Cylinders
C02659,Talliki Vandanam
C03275,Unemployment Allowance
C01867,Unemployment Allowance
C02180,Annadata Sukhibhava
C00496,Annadata Sukhibhava
C00129,Unemployment Allowance
C01196,Thalli Bidda
C04858,Thalli Bidda
C02134,Free Bus Travel for Women
C02858,Unemployment Allowance
C04789,Deepam 2.0
C00940,Talliki Vandanam
C00875,Dokka Seethamma
C00582,Dokka Seethamma
C04471,Dr NTR Vaidya Seva
C00931,Free Bus Travel for Women
C01275,Free Bus Travel for Women
C03029,Thalli Bidda
C02630,Free Bus Travel for Women
C04331,Unemployment Allowance
C04119,Annadata Sukhibhava
C00826,Annadata Sukhibhava
C02662,Thalli Bidda
C00308,Free Bus Travel for Women
C02455,Thalli Bidda
C03027,Dr NTR Vaidya Seva
C00436,Annadata Sukhibhava
C03376,Unemployment Allowance
C01322,Dr NTR Vaidya Seva
C01535,Unemployment Allowance
C02739,Free Gas Cylinders
C02326,Dr NTR Vaidya Seva
C01333,Talliki Vandanam
C01458,Annadata Sukhibhava
C01889,Free Gas Cylinders
C02054,Dr NTR Vaidya Seva
C01390,Deepam 2.0
C02048,Unemployment Allowance
C00033,Thalli Bidda
C00683,Thalli Bidda
C02017,Unemployment Allowance
C01877,Unemployment Allowance
C03154,Dr NTR Vaidya Seva
C00509,Free Gas Cylinders
C02124,Thalli Bidda
C00407,Talliki Vandanam
C03418,Talliki Vandanam
C02047,Dokka Seethamma
C00631,Talliki Vandanam
C03617,Free Gas Cylinders
C00888,Dr NTR Vaidya Seva
C01556,Free Gas Cylinders
C01094,Annadata Sukhibhava
C02128,Annadata Sukhibhava
C01453,Talliki Vandanam
C01397,Deepam 2.0
C02385,Annadata Sukhibhava
C03995,Free Gas Cylinders
C03272,Annadata Sukhibhava
C03138,Dokka Seethamma
C00341,Free Gas Cylinders
C03573,Unemployment Allowance
C00704,Dokka Seethamma
C02751,Unemployment Allowance
C00999,Free Bus Travel for Women
C01789,Free Bus Travel for Women
C03562,Dr NTR Vaidya Seva
C02947,Talliki Vandanam
C01151,Dokka Seethamma
C02790,Annadata Sukhibhava
C02694,Dr NTR Vaidya Seva
C02618,Dokka Seethamma
C00955,Thalli Bidda
C00811,Free Gas Cylinders
C03879,Dokka Seethamma
C01397,Talliki Vandanam
C02697,Deepam 2.0
C02491,Deepam 2.0
C01395,Annadata Sukhibhava
C04792,Annadata Sukhibhava
C00841,Unemployment Allowance
C01311,Unemployment Allowance
C04127,Annadata Sukhibhava
C02378,Annadata Sukhibhava
C02329,Talliki Vandanam
C00689,Free Bus Travel for Women
C04205,Free Gas Cylinders
C03251,Free Bus Travel for Women
C04756,Annadata Sukhibhava
C02331,Deepam 2.0
C03377,Free Gas Cylinders
C01261,Talliki Vandanam
C00989,Deepam 2.0
C00251,Annadata Sukhibhava
C03689,Unemployment Allowance
C00352,Deepam 2.0
C00424,Dokka Seethamma
C02480,Unemployment Allowance
C03571,Dokka Seethamma
C04207,Dokka Seethamma
C03204,Dr NTR Vaidya Seva
C02982,Unemployment Allowance
C04455,Annadata Sukhibhava
C04444,Deepam 2.0
C03796,Deepam 2.0
C04915,Annadata Sukhibhava
C02026,Dr NTR Vaidya Seva
C03745,Free Gas Cylinders
C04970,Annadata Sukhibhava
C03411,Unemployment Allowance
C02238,Annadata Sukhibhava
C02568,Free Bus Travel for Women
C01225,Annadata Sukhibhava
C04586,Talliki Vandanam
C00780,Annadata Sukhibhava
C01563,Talliki Vandanam
C04239,Free Gas Cylinders
C01126,Free Bus Travel for Women
C00839,Free Gas Cylinders
C03299,Dokka Seethamma
C01400,Free Bus Travel for Women
C02375,Deepam 2.0
C04450,Unemployment Allowance
C00102,Deepam 2.0
C01209,Unemployment Allowance
C03233,Deepam 2.0
C03220,Thalli Bidda
C00670,Free Bus Travel for Women
C01296,Talliki Vandanam
C01143,Free Gas Cylinders
C02023,Unemployment Allowance
C01302,Free Bus Travel for Women
C04399,Dr NTR Vaidya Seva
C03613,Talliki Vandanam
C03672,Thalli Bidda
C03153,Talliki Vandanam
C02548,Deepam 2.0
C01622,Dokka Seethamma
C04043,Dr NTR Vaidya Seva
C03237,Thalli Bidda
C02478,Talliki Vandanam
C04417,Thalli Bidda
C03988,Deepam 2.0
C00615,Talliki Vandanam
C03677,Free Gas Cylinders
C01463,Unemployment Allowance
C00425,Talliki Vandanam
C01976,Free Bus Travel for Women
C00294,Free Gas Cylinders
C00599,Talliki Vandanam
C04902,Thalli Bidda
C01185,Unemployment Allowance
C03785,Deepam 2.0
C02824,Unemployment Allowance
C01498,Dr NTR Vaidya Seva
C02838,Unemployment Allowance
C00531,Dr NTR Vaidya Seva
C04357,Free Bus Travel for Women
C04863,Deepam 2.0
C03977,Dr NTR Vaidya Seva
C01917,Dokka Seethamma
C02614,Deepam 2.0
C01799,Dokka Seethamma
C00848,Dokka Seethamma
C01387,Dokka Seethamma
C04724,Free Bus Travel for Women
C03124,Free Bus Travel for Women
C01364,Thalli Bidda
C04500,Dr NTR Vaidya Seva
C04227,Talliki Vandanam
C03917,Talliki Vandanam
C02247,Deepam 2.0
C01903,Free Gas Cylinders
C03741,Free Bus Travel for Women
C00648,Dokka Seethamma
C04933,Free Gas Cylinders
C04742,Free Bus Travel for Women
C00580,Annadata Sukhibhava
C03493,Deepam 2.0
C00663,Free Bus Travel for Women
C02612,Free Bus Travel for Women
C02560,Thalli Bidda
C00468,Free Gas Cylinders
C00057,Thalli Bidda
C00028,Thalli Bidda
C03928,Free Gas Cylinders
C00051,Dokka Seethamma
C04519,Unemployment Allowance
C04640,Unemployment Allowance
C04734,Dr NTR Vaidya Seva
C01621,Free Gas Cylinders
C03737,Dr NTR Vaidya Seva
C04134,Dr NTR Vaidya Seva
C03397,Deepam 2.0
C00580,Free Bus Travel for Women
C04480,Talliki Vandanam
C02666,Free Gas Cylinders
C00598,Unemployment Allowance
C04526,Unemployment Allowance
C02941,Unemployment Allowance
C01404,Deepam 2.0
C03038,Free Gas Cylinders
C02758,Annadata Sukhibhava
C01607,Free Bus Travel for Women
C00284,Free Gas Cylinders
C00552,Free Gas Cylinders
C02410,Annadata Sukhibhava
C04767,Dr NTR Vaidya Seva
C01706,Free Gas Cylinders
C00899,Annadata Sukhibhava
C00213,Dr NTR Vaidya Seva
C04079,Unemployment Allowance
C02807,Annadata Sukhibhava
C01888,Dr NTR Vaidya Seva
C01880,Dr NTR Vaidya Seva
C02913,Talliki Vandanam
C02746,Talliki Vandanam
C02063,Annadata Sukhibhava
C04025,Free Bus Travel for Women
C04069,Deepam 2.0
C01153,Free Bus Travel for Women
C02137,Deepam 2.0
C03440,Thalli Bidda
C04116,Thalli Bidda
C00324,Free Bus Travel for Women
C01414,Free Bus Travel for Women
C04465,Annadata Sukhibhava
C01147,Dokka Seethamma
C00657,Thalli Bidda
C00518,Dokka Seethamma
C04672,Free Bus Travel for Women
C02895,Unemployment Allowance
C03631,Free Gas Cylinders
C01139,Annadata Sukhibhava
C00579,Deepam 2.0
C03615,Free Gas Cylinders
C04763,Dr NTR Vaidya Seva
C02001,Thalli Bidda
C01782,Annadata Sukhibhava
C00719,Unemployment Allowance
C04968,Free Bus Travel for Women
C01955,Annadata Sukhibhava
C00133,Dokka Seethamma
C04128,Dr NTR Vaidya Seva
C01327,Free Bus Travel for Women
C00442,Dr NTR Vaidya Seva
C02739,Unemployment Allowance
C00216,Talliki Vandanam
C01925,Dokka Seethamma
C00783,Dokka Seethamma
C00154,Free Bus Travel for Women
C03421,Unemployment Allowance
C04483,Free Gas Cylinders
C00760,Talliki Vandanam
C00365,Deepam 2.0
C00555,Dokka Seethamma
C01254,Unemployment Allowance
C00621,Unemployment Allowance
C00195,Dokka Seethamma
C00715,Thalli Bidda
C00374,Deepam 2.0
C04242,Unemployment Allowance
C03463,Annadata Sukhibhava
C03479,Dokka Seethamma
C03856,Dokka Seethamma
C03651,Free Bus Travel for Women
C01506,Annadata Sukhibhava
C02307,Thalli Bidda
C00089,Free Bus Travel for Women
C01052,Talliki Vandanam
C02295,Free Bus Travel for Women
C02551,Thalli Bidda
C02096,Free Bus Travel for Women
C01679,Unemployment Allowance
C02503,Deepam 2.0
C00856,Talliki Vandanam
C03370,Free Gas Cylinders
C00544,Talliki Vandanam
C00171,Unemployment Allowance
C03237,Talliki Vandanam
C00538,Talliki Vandanam
C02395,Annadata Sukhibhava
C01633,Annadata Sukhibhava
C01921,Free Gas Cylinders
C03002,Free Gas Cylinders
C03730,Unemployment Allowance
C01091,Talliki Vandanam
C03870,Deepam 2.0
C01048,Free Bus Travel for Women
C04889,Free Gas Cylinders
C03468,Thalli Bidda
C01069,Annadata Sukhibhava
C04007,Dr NTR Vaidya Seva
C00629,Dokka Seethamma
C04915,Dokka Seethamma
C04769,Dokka Seethamma
C04070,Dokka Seethamma
C03719,Thalli Bidda
C03470,Thalli Bidda
C03588,Free Gas Cylinders
C00521,Free Bus Travel for Women
C04097,Thalli Bidda
C03807,Annadata Sukhibhava
C01056,Free Bus Travel for Women
C04969,Dokka Seethamma
C00689,Dokka Seethamma
C04701,Free Bus Travel for Women
C03740,Deepam 2.0
C00342,Unemployment Allowance
C04151,Thalli Bidda
C01842,Talliki Vandanam
C02253,Free Gas Cylinders
C00958,Unemployment Allowance
C02614,Free Gas Cylinders
C04107,Dr NTR Vaidya Seva
C04177,Annadata Sukhibhava
C03738,Free Bus Travel for Women
C02299,Annadata Sukhibhava
C04412,Dokka Seethamma
C00251,Thalli Bidda
C04742,Dr NTR Vaidya Seva
C02554,Talliki Vandanam
C02032,Annadata Sukhibhava
C02850,Thalli Bidda
C02614,Dokka Seethamma
C02716,Free Bus Travel for Women
C04660,Annadata Sukhibhava
C04419,Free Gas Cylinders
C01954,Dr NTR Vaidya Seva
C01149,Talliki Vandanam
C02964,Unemployment Allowance
C02505,Free Bus Travel for Women
C01930,Deepam 2.0
C03671,Annadata Sukhibhava
C04617,Free Gas Cylinders
C02062,Talliki Vandanam
C03364,Free Bus Travel for Women
C04232,Free Gas Cylinders
C03445,Thalli Bidda
C00070,Deepam 2.0
C00447,Thalli Bidda
C00612,Free Gas Cylinders
C01616,Thalli Bidda
C04579,Unemployment Allowance
C01523,Talliki Vandanam
C02838,Free Gas Cylinders
C02853,Free Gas Cylinders
C01795,Free Gas Cylinders
C02188,Unemployment Allowance
C00296,Thalli Bidda
C04229,Dr NTR Vaidya Seva
C03736,Thalli Bidda
C04124,Dokka Seethamma
C04408,Deepam 2.0
C01110,Annadata Sukhibhava
C00257,Talliki Vandanam
C03732,Deepam 2.0
C00075,Unemployment Allowance
C00178,Unemployment Allowance
C04051,Annadata Sukhibhava
C01023,Deepam 2.0
C02418,Dr NTR Vaidya Seva
C00866,Thalli Bidda
C03007,Thalli Bidda
C04403,Talliki Vandanam
C02290,Annadata Sukhibhava
C00189,Unemployment Allowance
C04522,Dr NTR Vaidya Seva
C03350,Thalli Bidda
C00671,Dokka Seethamma
C03428,Unemployment Allowance
C02240,Deepam 2.0
C03551,Deepam 2.0
C02395,Unemployment Allowance
C04077,Talliki Vandanam
C02120,Dokka Seethamma
C03395,Thalli Bidda
C00674,Annadata Sukhibhava
C00129,Annadata Sukhibhava
C04114,Thalli Bidda
C03820,Talliki Vandanam
C01892,Free Bus Travel for Women
C01287,Free Gas Cylinders
C03795,Talliki Vandanam
C02337,Unemployment Allowance
C01837,Talliki Vandanam
C03798,Free Bus Travel for Women
C01103,Unemployment Allowance
C03082,Dr NTR Vaidya Seva
C04343,Thalli Bidda
C02101,Talliki Vandanam
C01752,Talliki Vandanam
C02137,Free Bus Travel for Women
C04206,Annadata Sukhibhava
C03802,Thalli Bidda
C04873,Dokka Seethamma
C04833,Deepam 2.0
C02140,Dr NTR Vaidya Seva
C04700,Deepam 2.0
C02324,Thalli Bidda
C00183,Unemployment Allowance
C04321,Annadata Sukhibhava
C00863,Free Bus Travel for Women
C00485,Annadata Sukhibhava
C04192,Dr NTR Vaidya Seva
C02363,Free Bus Travel for Women
C01114,Free Bus Travel for Women
C00686,Unemployment Allowance
C02927,Dr NTR Vaidya Seva
C03045,Annadata Sukhibhava
C04179,Annadata Sukhibhava
C01361,Thalli Bidda
C03009,Annadata Sukhibhava
C03889,Talliki Vandanam
C00177,Free Bus Travel for Women
C02222,Free Bus Travel for Women
C03771,Unemployment Allowance
C01621,Deepam 2.0
C02901,Dr NTR Vaidya Seva
C03843,Unemployment Allowance
C00233,Free Gas Cylinders
C01721,Dr NTR Vaidya Seva
C01132,Free Gas Cylinders
C00749,Deepam 2.0
C01684,Annadata Sukhibhava
C00599,Free Gas Cylinders
C02113,Annadata Sukhibhava
C00545,Annadata Sukhibhava
C04849,Talliki Vandanam
C01127,Talliki Vandanam
C03107,Talliki Vandanam
C04005,Annadata Sukhibhava
C02031,Dr NTR Vaidya Seva
C04777,Free Bus Travel for Women
C00433,Talliki Vandanam
C02954,Deepam 2.0
C01447,Annadata Sukhibhava
C02534,Unemployment Allowance
C01344,Dr NTR Vaidya Seva
C03586,Free Bus Travel for Women
C02995,Free Bus Travel for Women
C04592,Unemployment Allowance
C01115,Free Gas Cylinders
C03477,Annadata Sukhibhava
C01014,Dr NTR Vaidya Seva
C00891,Free Gas Cylinders
C04677,Unemployment Allowance
C02213,Deepam 2.0
C03385,Annadata Sukhibhava
C04375,Unemployment Allowance
C02699,Free Gas Cylinders
C01718,Thalli Bidda
C02595,Dokka Seethamma
C01264,Dr NTR Vaidya Seva
C04342,Deepam 2.0
C03021,Talliki Vandanam
C04374,Annadata Sukhibhava
C02210,Unemployment Allowance
C00258,Deepam 2.0
C01569,Deepam 2.0
C01597,Free Gas Cylinders
C04548,Free Gas Cylinders
C04860,Free Bus Travel for Women
C02850,Dokka Seethamma
C00459,Free Bus Travel for Women
C02731,Deepam 2.0
C04162,Dokka Seethamma
C00248,Free Gas Cylinders
C00230,Thalli Bidda
C02590,Talliki Vandanam
C04073,Dokka Seethamma
C00722,Thalli Bidda
C01736,Free Gas Cylinders
C02124,Unemployment Allowance
C01078,Free Gas Cylinders
C01482,Unemployment Allowance
C03878,Thalli Bidda
C04004,Thalli Bidda
C02074,Unemployment Allowance
C02241,Dr NTR Vaidya Seva
C02168,Free Bus Travel for Women
C00278,Unemployment Allowance
C03500,Unemployment Allowance
C00434,Talliki Vandanam
C03562,Talliki Vandanam
C03167,Dokka Seethamma
C04187,Deepam 2.0
C03197,Unemployment Allowance
C04476,Dr NTR Vaidya Seva
C01032,Thalli Bidda
C02984,Free Gas Cylinders
C01704,Thalli Bidda
C03790,Free Bus Travel for Women
C04608,Free Gas Cylinders
C02378,Dr NTR Vaidya Seva
C00170,Annadata Sukhibhava
C01145,Annadata Sukhibhava
C00182,Unemployment Allowance
C00200,Thalli Bidda
C01288,Free Gas Cylinders
C02075,Free Gas Cylinders
C01623,Dr NTR Vaidya Seva
C00357,Annadata Sukhibhava
C03557,Talliki Vandanam
C04699,Free Bus Travel for Women
C01158,Unemployment Allowance
C03840,Talliki Vandanam
C03608,Deepam 2.0
C03254,Deepam 2.0
C02954,Annadata Sukhibhava
C03907,Unemployment Allowance
C01649,Annadata Sukhibhava
C03230,Talliki Vandanam
C01783,Deepam 2.0
C03046,Talliki Vandanam
C01894,Unemployment Allowance
C02020,Dokka Seethamma
C04352,Unemployment Allowance
C02191,Deepam 2.0
C03768,Dokka Seethamma
C04696,Free Gas Cylinders
C01273,Free Bus Travel for Women
C03502,Annadata Sukhibhava
C04091,Unemployment Allowance
C04669,Dr NTR Vaidya Seva
C02151,Free Gas Cylinders
C02510,Free Gas Cylinders
C02901,Thalli Bidda
C04154,Annadata Sukhibhava
C01420,Thalli Bidda
C01582,Annadata Sukhibhava
C04039,Unemployment Allowance
C01178,Thalli Bidda
C00873,Dokka Seethamma
C01873,Deepam 2.0
C01189,Unemployment Allowance
C00194,Deepam 2.0
C01748,Free Bus Travel for Women
C03229,Deepam 2.0
C03898,Dr NTR Vaidya Seva
C00839,Thalli Bidda
C03348,Unemployment Allowance
C00250,Unemployment Allowance
C00332,Unemployment Allowance
C03191,Free Gas Cylinders
C03004,Annadata Sukhibhava
C00662,Deepam 2.0
C04526,Dr NTR Vaidya Seva
C01896,Dokka Seethamma
C00651,Annadata Sukhibhava
C00131,Free Gas Cylinders
C00054,Deepam 2.0
C01076,Dokka Seethamma
C04941,Deepam 2.0
C00311,Thalli Bidda
C02392,Free Gas Cylinders
C04815,Free Gas Cylinders
C01391,Dokka Seethamma
C01105,Thalli Bidda
C03441,Thalli Bidda
C03945,Unemployment Allowance
C01496,Free Bus Travel for Women
C01722,Free Gas Cylinders
C02171,Free Bus Travel for Women
C01878,Thalli Bidda
C01586,Deepam 2.0
C03609,Dokka Seethamma
C01770,Dr NTR Vaidya Seva
C04739,Deepam 2.0
C00654,Free Gas Cylinders
C00981,Talliki Vandanam
C00098,Deepam 2.0
C03108,Talliki Vandanam
C04012,Thalli Bidda
C01353,Annadata Sukhibhava
C02110,Free Bus Travel for Women
C02060,Dokka Seethamma
C03157,Dr NTR Vaidya Seva
C02813,Free Bus Travel for Women
C04070,Annadata Sukhibhava
C02959,Free Gas Cylinders
C03903,Free Bus Travel for Women
C00913,Talliki Vandanam
C02918,Deepam 2.0
C00036,Dokka Seethamma
C04652,Dokka Seethamma
C01594,Annadata Sukhibhava
C04556,Thalli Bidda
C01819,Talliki Vandanam
C04656,Free Gas Cylinders
C00424,Thalli Bidda
C01717,Free Bus Travel for Women
C03827,Thalli Bidda
C01866,Annadata Sukhibhava
C01067,Thalli Bidda
C01580,Unemployment Allowance
C00702,Unemployment Allowance
C04237,Free Gas Cylinders
C00424,Deepam 2.0
C03719,Free Gas Cylinders
C04969,Talliki Vandanam
C04305,Deepam 2.0
C03375,Dokka Seethamma
C00152,Talliki Vandanam
C04977,Talliki Vandanam
C03868,Deepam 2.0
C01416,Talliki Vandanam
C04594,Thalli Bidda
C00700,Deepam 2.0
C00994,Dokka Seethamma
C04787,Unemployment Allowance
C02845,Deepam 2.0
C02010,Free Gas Cylinders
C04672,Dr NTR Vaidya Seva
C00310,Deepam 2.0
C01922,Free Bus Travel for Women
C00618,Free Gas Cylinders
C04228,Thalli Bidda
C02874,Annadata Sukhibhava
C03771,Free Gas Cylinders
C03650,Talliki Vandanam
C01620,Deepam 2.0
C01611,Talliki Vandanam
C04513,Dokka Seethamma
C04411,Talliki Vandanam
C03555,Talliki Vandanam
C04957,Unemployment Allowance
C00550,Thalli Bidda
C02755,Talliki Vandanam
C01387,Unemployment Allowance
C00998,Free Bus Travel for Women
C00197,Talliki Vandanam
C03635,Dokka Seethamma
C04475,Dr NTR Vaidya Seva
C04044,Free Gas Cylinders
C04225,Thalli Bidda
C02659,Free Gas Cylinders
C04434,Free Gas Cylinders
C00041,Free Gas Cylinders
C04711,Annadata Sukhibhava
C02488,Free Gas Cylinders
C00354,Unemployment Allowance
C03586,Deepam 2.0
C02033,Dr NTR Vaidya Seva
C03378,Unemployment Allowance
C03223,Deepam 2.0
C03649,Deepam 2.0
C04110,Dr NTR Vaidya Seva
C02779,Annadata Sukhibhava
C04426,Annadata Sukhibhava
C02360,Deepam 2.0
C00323,Unemployment Allowance
C01852,Dokka Seethamma
C02216,Free Gas Cylinders
C00377,Unemployment Allowance
C03288,Deepam 2.0
C00869,Thalli Bidda
C03163,Unemployment Allowance
C01585,Unemployment Allowance
C04955,Free Bus Travel for Women
C04703,Unemployment Allowance
C00874,Dr NTR Vaidya Seva
C03094,Thalli Bidda
C02101,Talliki Vandanam
C03618,Dokka Seethamma
C04586,Dr NTR Vaidya Seva
C04618,Dokka Seethamma
C02949,Dokka Seethamma
C02578,Thalli Bidda
C02218,Annadata Sukhibhava
C00705,Talliki Vandanam
C03239,Dr NTR Vaidya Seva
C03750,Deepam 2.0
C03513,Unemployment Allowance
C00751,Dokka Seethamma
C03667,Free Bus Travel for Women
C04744,Thalli Bidda
C04408,Free Gas Cylinders
C01775,Thalli Bidda
C03873,Talliki Vandanam
C00594,Deepam 2.0
C02284,Free Bus Travel for Women
C00898,Dr NTR Vaidya Seva
C02179,Free Gas Cylinders
C04896,Dokka Seethamma
C01207,Unemployment Allowance
C02023,Thalli Bidda
C04478,Talliki Vandanam
C02216,Thalli Bidda
C00023,Unemployment Allowance
C00322,Thalli Bidda
C04827,Free Bus Travel for Women
C03187,Free Gas Cylinders
C00560,Dokka Seethamma
C03663,Free Gas Cylinders
C03227,Deepam 2.0
C03540,Deepam 2.0
C00412,Free Bus Travel for Women
C01303,Thalli Bidda
C01707,Free Gas Cylinders
C04066,Annadata Sukhibhava
C01155,Free Gas Cylinders
C03190,Thalli Bidda
C01513,Annadata Sukhibhava
C01265,Free Bus Travel for Women
C00040,Talliki Vandanam
C04527,Free Gas Cylinders
C03751,Dokka Seethamma
C04720,Free Gas Cylinders
C04809,Annadata Sukhibhava
C03010,Free Bus Travel for Women
C01163,Unemployment Allowance
C01488,Free Gas Cylinders
C03182,Dr NTR Vaidya Seva
C00162,Talliki Vandanam
C04755,Dokka Seethamma
C00007,Free Gas Cylinders
C04024,Dokka Seethamma
C01744,Dr NTR Vaidya Seva
C04963,Talliki Vandanam
C01684,Talliki Vandanam
C01657,Unemployment Allowance
C00600,Free Bus Travel for Women
C03324,Free Gas Cylinders
C01549,Deepam 2.0
C04820,Dokka Seethamma
C02648,Dr NTR Vaidya Seva
C04392,Unemployment Allowance
C04933,Thalli Bidda
C03615,Talliki Vandanam
C04083,Talliki Vandanam
C03492,Talliki Vandanam
C00204,Thalli Bidda
C02232,Dr NTR Vaidya Seva
C00814,Unemployment Allowance
C01963,Free Bus Travel for Women
C03647,Talliki Vandanam
C00417,Unemployment Allowance
C04844,Annadata Sukhibhava
C04000,Unemployment Allowance
C02325,Free Bus Travel for Women
C03175,Dokka Seethamma
C03586,Annadata Sukhibhava
C03126,Free Bus Travel for Women
C04127,Thalli Bidda
C03578,Deepam 2.0
C00650,Free Gas Cylinders
C03916,Thalli Bidda
C02467,Talliki Vandanam
C02663,Unemployment Allowance
C03070,Dokka Seethamma
C03581,Dr NTR Vaidya Seva
C00999,Dokka Seethamma
C01223,Unemployment Allowance
C04418,Thalli Bidda
C02520,Annadata Sukhibhava
C02246,Deepam 2.0
C04007,Dokka Seethamma
C02962,Free Bus Travel for Women
C00521,Unemployment Allowance
C00892,Dokka Seethamma
C04101,Thalli Bidda
C01419,Dr NTR Vaidya Seva
C01698,Unemployment Allowance
C04686,Deepam 2.0
C00674,Deepam 2.0
C01118,Free Bus Travel for Women
C01793,Dokka Seethamma
C01305,Annadata Sukhibhava
C02573,Talliki Vandanam
C00118,Thalli Bidda
C01007,Free Bus Travel for Women
C01136,Talliki Vandanam
C02372,Unemployment Allowance
C04190,Unemployment Allowance
C02877,Dr NTR Vaidya Seva
C03715,Thalli Bidda
C00583,Free Gas Cylinders
C02179,Annadata Sukhibhava
C03807,Dr NTR Vaidya Seva
C03200,Talliki Vandanam
C02431,Free Gas Cylinders
C03422,Dokka Seethamma
C04826,Free Bus Travel for Women
C04725,Annadata Sukhibhava
C00809,Dr NTR Vaidya Seva
C02541,Free Gas Cylinders
C03606,Dr NTR Vaidya Seva
C04027,Thalli Bidda
C03273,Free Gas Cylinders
C03882,Dr NTR Vaidya Seva
C03153,Dr NTR Vaidya Seva
C02062,Thalli Bidda
C03229,Talliki Vandanam
C04606,Free Gas Cylinders
C01030,Talliki Vandanam
C04098,Free Gas Cylinders
C01145,Dr NTR Vaidya Seva
C02547,Free Gas Cylinders
C02627,Deepam 2.0
C00579,Thalli Bidda
C02980,Talliki Vandanam
C02356,Dokka Seethamma
C04255,Thalli Bidda
C04336,Deepam 2.0
C04861,Dokka Seethamma
C04107,Thalli Bidda
C01177,Thalli Bidda
C02954,Unemployment Allowance
C02260,Deepam 2.0
C01365,Talliki Vandanam
C03532,Annadata Sukhibhava
C04539,Free Gas Cylinders
C00333,Dr NTR Vaidya Seva
C04976,Deepam 2.0
C04874,Dokka Seethamma
C03830,Free Bus Travel for Women
C04311,Dr NTR Vaidya Seva
C02258,Talliki Vandanam
C00506,Dr NTR Vaidya Seva
C03924,Deepam 2.0
C02501,Dr NTR Vaidya Seva
C03538,Free Bus Travel for Women
C04786,Talliki Vandanam
C02014,Deepam 2.0
C00719,Unemployment Allowance
C02025,Talliki Vandanam
C01590,Annadata Sukhibhava
C04457,Free Bus Travel for Women
C04643,Free Bus Travel for Women
C01981,Talliki Vandanam
C00648,Annadata Sukhibhava
C00918,Dokka Seethamma
C02154,Talliki Vandanam
C03281,Free Gas Cylinders
C02062,Dokka Seethamma
C04357,Free Gas Cylinders
C02811,Dokka Seethamma
C04081,Free Gas Cylinders
C03044,Deepam 2.0
C02372,Free Gas Cylinders
C01258,Dr NTR Vaidya Seva
C00855,Free Gas Cylinders
C00613,Unemployment Allowance
C01580,Dr NTR Vaidya Seva
C04986,Thalli Bidda
C02073,Free Gas Cylinders
C03726,Dokka Seethamma
C01730,Free Gas Cylinders
C00597,Thalli Bidda
C04685,Dokka Seethamma
C01637,Dokka Seethamma
C03738,Annadata Sukhibhava
C01979,Free Gas Cylinders
C02860,Dr NTR Vaidya Seva
C03476,Dr NTR Vaidya Seva
C02028,Free Bus Travel for Women
C04446,Free Gas Cylinders
C04401,Dr NTR Vaidya Seva
C02051,Annadata Sukhibhava
C03801,Dokka Seethamma
C01154,Free Gas Cylinders
C03171,Talliki Vandanam
C01005,Annadata Sukhibhava
C03541,Deepam 2.0
C02161,Dr NTR Vaidya Seva
C04938,Unemployment Allowance
C03855,Dr NTR Vaidya Seva
C01378,Free Bus Travel for Women
C03223,Dokka Seethamma
C02327,Deepam 2.0
C03536,Dokka Seethamma
C02965,Annadata Sukhibhava
C03976,Thalli Bidda
C01567,Dr NTR Vaidya Seva
C03944,Talliki Vandanam
C00742,Talliki Vandanam
C01075,Thalli Bidda
C00632,Talliki Vandanam
C02563,Deepam 2.0
C00074,Free Bus Travel for Women
C04424,Thalli Bidda
C01302,Annadata Sukhibhava
C01054,Annadata Sukhibhava
C02993,Annadata Sukhibhava
C04687,Talliki Vandanam
C02245,Free Gas Cylinders
C03136,Deepam 2.0
C02497,Unemployment Allowance
C03417,Deepam 2.0
C01233,Talliki Vandanam
C00769,Dr NTR Vaidya Seva
C02758,Dr NTR Vaidya Seva
C03343,Free Bus Travel for Women
C01932,Free Bus Travel for Women
C02891,Talliki Vandanam
C04276,Deepam 2.0
C02359,Free Bus Travel for Women
C01078,Dr NTR Vaidya Seva
C01051,Free Gas Cylinders
C01971,Dokka Seethamma
C00749,Unemployment Allowance
C00119,Free Bus Travel for Women
C00440,Thalli Bidda
C02572,Free Gas Cylinders
C04877,Dokka Seethamma
C02326,Annadata Sukhibhava
C02242,Deepam 2.0
C00503,Deepam 2.0
C02320,Dokka Seethamma
C02438,Free Bus Travel for Women
C02839,Talliki Vandanam
C03997,Unemployment Allowance
C03024,Talliki Vandanam
C04918,Free Bus Travel for Women
C02022,Deepam 2.0
C04223,Talliki Vandanam
C04787,Thalli Bidda
C00201,Deepam 2.0
C02171,Unemployment Allowance
C00033,Unemployment Allowance
C01657,Annadata Sukhibhava
C00198,Talliki Vandanam
C03835,Thalli Bidda
C00789,Dokka Seethamma
C01425,Free Bus Travel for Women
C02692,Free Bus Travel for Women
C01059,Thalli Bidda
C03889,Free Bus Travel for Women
C04011,Dr NTR Vaidya Seva
C02905,Free Gas Cylinders
C02108,Thalli Bidda
C03260,Annadata Sukhibhava
C03585,Deepam 2.0
C03636,Free Gas Cylinders
C03898,Free Bus Travel for Women
C02766,Free Gas Cylinders
C02540,Dokka Seethamma
C00875,Unemployment Allowance
C03836,Annadata Sukhibhava
C01473,Dr NTR Vaidya Seva
C03329,Dr NTR Vaidya Seva
C00867,Free Gas Cylinders
C02024,Free Bus Travel for Women
C04728,Deepam 2.0
C04975,Unemployment Allowance
C01469,Thalli Bidda
C00418,Deepam 2.0
C00566,Free Gas Cylinders
C00483,Annadata Sukhibhava
C01702,Unemployment Allowance
C01824,Free Bus Travel for Women
C04665,Talliki Vandanam
C03578,Deepam 2.0
C03872,Dokka Seethamma
C02708,Dokka Seethamma
C01483,Unemployment Allowance
C03658,Thalli Bidda
C01548,Free Bus Travel for Women
C04629,Annadata Sukhibhava
C01079,Talliki Vandanam
C01811,Thalli Bidda
C00917,Annadata Sukhibhava
C01213,Thalli Bidda
C02840,Free Bus Travel for Women
C04648,Free Gas Cylinders
C02581,Thalli Bidda
C00718,Unemployment Allowance
C01481,Annadata Sukhibhava
C00734,Dr NTR Vaidya Seva
C01532,Deepam 2.0
C00276,Dr NTR Vaidya Seva
C02665,Annadata Sukhibhava
C00376,Talliki Vandanam
C02262,Unemployment Allowance
C01554,Dr NTR Vaidya Seva
C02058,Free Bus Travel for Women
C03214,Unemployment Allowance
C02377,Unemployment Allowance
C01723,Deepam 2.0
C04616,Dr NTR Vaidya Seva
C04819,Annadata Sukhibhava
C02072,Deepam 2.0
C01281,Talliki Vandanam
C00462,Thalli Bidda
C01231,Deepam 2.0
C03617,Dr NTR Vaidya Seva
C04098,Free Bus Travel for Women
C02615,Deepam 2.0
C03784,Dokka Seethamma
C00385,Dokka Seethamma
C03654,Dokka Seethamma
C02619,Thalli Bidda
C00872,Talliki Vandanam
C04929,Free Bus Travel for Women
C01544,Dokka Seethamma
C03049,Free Bus Travel for Women
C00324,Talliki Vandanam
C00358,Talliki Vandanam
C00492,Dr NTR Vaidya Seva
C01735,Deepam 2.0
C02803,Dokka Seethamma
C03475,Thalli Bidda
C03654,Free Gas Cylinders
C02324,Dr NTR Vaidya Seva
C03029,Dokka Seethamma
C03385,Annadata Sukhibhava
C03928,Deepam 2.0
C04529,Unemployment Allowance
C03789,Talliki Vandanam
C01977,Unemployment Allowance
C02247,Dr NTR Vaidya Seva
C01775,Free Bus Travel for Women
C01506,Unemployment Allowance
C03102,Free Gas Cylinders
C03385,Dokka Seethamma
C02336,Annadata Sukhibhava
C02738,Unemployment Allowance
C03366,Free Bus Travel for Women
C02728,Annadata Sukhibhava
C03814,Free Gas Cylinders
C04056,Free Bus Travel for Women
C02569,Annadata Sukhibhava
C04217,Free Gas Cylinders
C00887,Thalli Bidda
C03244,Dr NTR Vaidya Seva
C02941,Free Gas Cylinders
C04751,Dr NTR Vaidya Seva
C02681,Dr NTR Vaidya Seva
C00104,Talliki Vandanam
C01874,Free Bus Travel for Women
C03668,Free Gas Cylinders
C01258,Deepam 2.0
C04665,Dr NTR Vaidya Seva
C02229,Dokka Seethamma
C02100,Deepam 2.0
C00724,Talliki Vandanam
C04620,Deepam 2.0
C01508,Deepam 2.0
C02672,Annadata Sukhibhava
C02176,Free Gas Cylinders
C02893,Thalli Bidda
C04816,Free Gas Cylinders
C01622,Thalli Bidda
C01069,Free Bus Travel for Women
C03971,Dr NTR Vaidya Seva
C03386,Talliki Vandanam
C02237,Annadata Sukhibhava
C02333,Deepam 2.0
C03520,Unemployment Allowance
C01754,Talliki Vandanam
C01515,Thalli Bidda
C00379,Dokka Seethamma
C00635,Free Bus Travel for Women
C03987,Deepam 2.0
C01466,Dokka Seethamma
C01170,Annadata Sukhibhava
C00133,Free Bus Travel for Women
C02964,Deepam 2.0
C02551,Free Bus Travel for Women
C04966,Deepam 2.0
C01362,Free Gas Cylinders
C00270,Annadata Sukhibhava
C02504,Dr NTR Vaidya Seva
C01091,Dokka Seethamma
C02133,Talliki Vandanam
C03776,Dr NTR Vaidya Seva
C04847,Free Gas Cylinders
C01624,Talliki Vandanam
C04471,Thalli Bidda
C04412,Free Bus Travel for Women
C02409,Thalli Bidda
C03301,Thalli Bidda
C00197,Talliki Vandanam
C03591,Dokka Seethamma
C01277,Unemployment Allowance
C02486,Dr NTR Vaidya Seva
C03531,Dr NTR Vaidya Seva
C03091,Unemployment Allowance
C04604,Free Bus Travel for Women
C03535,Talliki Vandanam
C04630,Unemployment Allowance
C01724,Dokka Seethamma
C03347,Dokka Seethamma
C01301,Free Gas Cylinders
C00135,Dokka Seethamma
C02679,Free Gas Cylinders
C04746,Deepam 2.0
C02738,Dr NTR Vaidya Seva
C01354,Thalli Bidda
C01511,Dr NTR Vaidya Seva
C03116,Deepam 2.0
C01727,Deepam 2.0
C02683,Thalli Bidda
C01302,Thalli Bidda
C02008,Unemployment Allowance
C03383,Dokka Seethamma
C04963,Deepam 2.0
C03880,Talliki Vandanam
C02216,Thalli Bidda
C01449,Free Bus Travel for Women
C01974,Unemployment Allowance
C02060,Dr NTR Vaidya Seva
C03410,Dr NTR Vaidya Seva
C00864,Talliki Vandanam
C02896,Annadata Sukhibhava
C02444,Dr NTR Vaidya Seva
C00713,Dokka Seethamma
C00395,Dr NTR Vaidya Seva
C04205,Dr NTR Vaidya Seva
C01383,Dokka Seethamma
C04497,Dr NTR Vaidya Seva
C04260,Dokka Seethamma
C03858,Deepam 2.0
C02227,Unemployment Allowance
C04949,Unemployment Allowance
C00156,Free Bus Travel for Women
C02951,Annadata Sukhibhava
C04261,Dr NTR Vaidya Seva
C02655,Dr NTR Vaidya Seva
C00711,Free Bus Travel for Women
C02456,Unemployment Allowance
C00386,Dokka Seethamma
C04426,Free Bus Travel for Women
C01928,Annadata Sukhibhava
C04461,Free Bus Travel for Women
C04461,Talliki Vandanam
C00994,Dr NTR Vaidya Seva
C04746,Free Bus Travel for Women
C02195,Thalli Bidda
C03448,Annadata Sukhibhava
C01108,Free Bus Travel for Women
C04047,Thalli Bidda
C04936,Free Bus Travel for Women
C04997,Dokka Seethamma
C00020,Annadata Sukhibhava
C01293,Deepam 2.0
C00228,Annadata Sukhibhava
C03159,Free Bus Travel for Women
C00785,Dokka Seethamma
C03007,Deepam 2.0
C00255,Talliki Vandanam
C01256,Free Bus Travel for Women
C04751,Annadata Sukhibhava
C02981,Deepam 2.0
C01772,Annadata Sukhibhava
C01597,Free Bus Travel for Women
C03236,Free Bus Travel for Women
C00546,Unemployment Allowance
C00040,Dokka Seethamma
C01454,Annadata Sukhibhava
C01376,Thalli Bidda
C00373,Deepam 2.0
C02003,Annadata Sukhibhava
C04500,Dr NTR Vaidya Seva
C03965,Deepam 2.0
C00287,Annadata Sukhibhava
C01499,Free Gas Cylinders
C04952,Talliki Vandanam
C02007,Annadata Sukhibhava
C03740,Thalli Bidda
C02624,Dr NTR Vaidya Seva
C04713,Talliki Vandanam
C00064,Talliki Vandanam
C00862,Annadata Sukhibhava
C03793,Dr NTR Vaidya Seva
C02808,Free Bus Travel for Women
C01427,Unemployment Allowance
C02531,Dokka Seethamma
C01954,Unemployment Allowance
C01792,Dokka Seethamma
C03941,Annadata Sukhibhava
C03054,Annadata Sukhibhava
C02561,Unemployment Allowance
C04038,Unemployment Allowance
C03567,Annadata Sukhibhava
C00931,Thalli Bidda
C00480,Dokka Seethamma
C03705,Talliki Vandanam
C01093,Thalli Bidda
C01153,Dokka Seethamma
C01527,Talliki Vandanam
C02085,Talliki Vandanam
C00382,Free Bus Travel for Women
C04258,Talliki Vandanam
C04468,Free Bus Travel for Women
C02319,Annadata Sukhibhava
C01465,Free Bus Travel for Women
C01375,Annadata Sukhibhava
C03117,Talliki Vandanam
C00205,Free Gas Cylinders
C04918,Free Bus Travel for Women
C01458,Unemployment Allowance
C00624,Dokka Seethamma
C01913,Deepam 2.0
C02870,Deepam 2.0
C03694,Dr NTR Vaidya Seva
C01313,Free Gas Cylinders
C01209,Talliki Vandanam
C01344,Annadata Sukhibhava
C01805,Annadata Sukhibhava
C00809,Dr NTR Vaidya Seva
C03829,Free Gas Cylinders
C02377,Deepam 2.0
C04335,Free Bus Travel for Women
C01372,Dr NTR Vaidya Seva
C04048,Talliki Vandanam
C00832,Annadata Sukhibhava
C03285,Thalli Bidda
C04142,Annadata Sukhibhava
C00926,Dr NTR Vaidya Seva
C03837,Dokka Seethamma
C03371,Deepam 2.0
C04898,Talliki Vandanam
C01471,Free Gas Cylinders
C00786,Free Gas Cylinders
C01547,Dokka Seethamma
C03253,Unemployment Allowance
C01387,Dr NTR Vaidya Seva
C03625,Free Bus Travel for Women
C00129,Deepam 2.0
C01402,Talliki Vandanam
C04698,Unemployment Allowance
C00686,Thalli Bidda
C02769,Free Bus Travel for Women
C00190,Unemployment Allowance
C00098,Free Gas Cylinders
C01617,Annadata Sukhibhava
C04984,Dokka Seethamma
C02303,Annadata Sukhibhava
C00497,Free Gas Cylinders
C00226,Thalli Bidda
C02641,Free Gas Cylinders
C00022,Dokka Seethamma
C02126,Dokka Seethamma
C02621,Deepam 2.0
C04488,Unemployment Allowance
C03383,Thalli Bidda
C03659,Talliki Vandanam
C01907,Thalli Bidda
C04131,Unemployment Allowance
C03574,Thalli Bidda
C04997,Thalli Bidda
C00406,Talliki Vandanam
C04581,Free Bus Travel for Women
C00195,Thalli Bidda
C03218,Unemployment Allowance
C02410,Talliki Vandanam
C02784,Dokka Seethamma
C01903,Free Gas Cylinders
C02685,Talliki Vandanam
C00690,Thalli Bidda
C01339,Thalli Bidda
C01369,Thalli Bidda
C04874,Thalli Bidda
C01986,Deepam 2.0
C04494,Deepam 2.0
C04627,Talliki Vandanam
C00966,Dokka Seethamma
C01936,Deepam 2.0
C00090,Free Gas Cylinders
C00885,Annadata Sukhibhava
C01292,Annadata Sukhibhava
C01584,Unemployment Allowance
C00227,Dr NTR Vaidya Seva
C01602,Dr NTR Vaidya Seva
C04376,Talliki Vandanam
C00598,Talliki Vandanam
C02981,Talliki Vandanam
C01465,Unemployment Allowance
C00340,Dr NTR Vaidya Seva
C02579,Annadata Sukhibhava
C00542,Thalli Bidda
C02238,Thalli Bidda
C00637,Annadata Sukhibhava
C03776,Talliki Vandanam
C03219,Unemployment Allowance
C04430,Free Gas Cylinders
C03604,Dr NTR Vaidya Seva
C04180,Dokka Seethamma
C03323,Free Bus Travel for Women
C00734,Deepam 2.0
C02086,Talliki Vandanam
C03669,Talliki Vandanam
C02523,Unemployment Allowance
C04449,Annadata Sukhibhava
C02019,Dokka Seethamma
C04270,Annadata Sukhibhava
C04732,Talliki Vandanam
C01019,Annadata Sukhibhava
C02248,Free Gas Cylinders
C03334,Thalli Bidda
C03295,Thalli Bidda
C03597,Dr NTR Vaidya Seva
C00584,Free Gas Cylinders
C01059,Unemployment Allowance
C04625,Dr NTR Vaidya Seva
C00238,Annadata Sukhibhava
C03965,Talliki Vandanam
C04656,Deepam 2.0
C00775,Thalli Bidda
C03459,Unemployment Allowance
C02713,Annadata Sukhibhava
C03959,Thalli Bidda
C00329,Deepam 2.0
C01250,Free Bus Travel for Women
C04548,Talliki Vandanam
C02061,Free Gas Cylinders
C01885,Unemployment Allowance
C03704,Dokka Seethamma
C01329,Thalli Bidda
C03772,Deepam 2.0
C02643,Free Bus Travel for Women
C01219,Talliki Vandanam
C02895,Deepam 2.0
C04360,Unemployment Allowance
C04294,Dokka Seethamma
C03886,Free Bus Travel for Women
C02956,Dokka Seethamma
C04087,Deepam 2.0
C03757,Deepam 2.0
C04979,Free Bus Travel for Women
C01761,Free Gas Cylinders
C03872,Talliki Vandanam
C01339,Unemployment Allowance
C00246,Free Bus Travel for Women
C04714,Dokka Seethamma
C03285,Dr NTR Vaidya Seva
C01602,Dokka Seethamma
C02526,Dr NTR Vaidya Seva
C02345,Dokka Seethamma
C02343,Unemployment Allowance
C01109,Thalli Bidda
C02036,Dokka Seethamma
C01905,Free Gas Cylinders
C03219,Free Gas Cylinders
C01073,Free Bus Travel for Women
C04939,Annadata Sukhibhava
C04531,Dokka Seethamma
C03411,Thalli Bidda
C03320,Deepam 2.0
C01275,Thalli Bidda
C02040,Free Gas Cylinders
C01850,Free Bus Travel for Women
C02554,Talliki Vandanam
C03199,Deepam 2.0
C00464,Annadata Sukhibhava
C03368,Dr NTR Vaidya Seva
C01593,Free Bus Travel for Women
C02214,Talliki Vandanam
C00956,Unemployment Allowance
C01092,Annadata Sukhibhava
C03068,Dr NTR Vaidya Seva
C01608,Unemployment Allowance
C02813,Deepam 2.0
C03405,Free Bus Travel for Women
C03287,Deepam 2.0
C04327,Dokka Seethamma
C03438,Deepam 2.0
C01779,Free Bus Travel for Women
C02986,Thalli Bidda
C00264,Unemployment Allowance
C02261,Unemployment Allowance
C02981,Free Gas Cylinders
C00961,Unemployment Allowance
C01667,Unemployment Allowance
C02380,Deepam 2.0
C00689,Annadata Sukhibhava
C00863,Thalli Bidda
C02782,Unemployment Allowance
C04718,Unemployment Allowance
C02401,Free Gas Cylinders
C03917,Unemployment Allowance
C01366,Annadata Sukhibhava
C04541,Dokka Seethamma
C02452,Deepam 2.0
C02460,Dr NTR Vaidya Seva
C01947,Dokka Seethamma
C00899,Free Gas Cylinders
C00612,Deepam 2.0
C00912,Annadata Sukhibhava
C03342,Unemployment Allowance
C04024,Deepam 2.0
C02062,Dr NTR Vaidya Seva
C02362,Deepam 2.0
C04806,Dokka Seethamma
C03623,Deepam 2.0
C02075,Thalli Bidda
C01674,Free Gas Cylinders
C01757,Dokka Seethamma
C04062,Free Gas Cylinders
C04669,Annadata Sukhibhava
C02951,Free Bus Travel for Women
C00018,Talliki Vandanam
C03807,Free Gas Cylinders
C00977,Unemployment Allowance
C03020,Annadata Sukhibhava
C04334,Free Bus Travel for Women
C02278,Thalli Bidda
C04660,Deepam 2.0
C01922,Talliki Vandanam
C02783,Thalli Bidda
C04569,Deepam 2.0
C02131,Free Gas Cylinders
C01611,Annadata Sukhibhava
C00211,Dokka Seethamma
C00752,Deepam 2.0
C02057,Dr NTR Vaidya Seva
C02457,Free Bus Travel for Women
C03920,Dokka Seethamma
C03146,Deepam 2.0
C02528,Free Bus Travel for Women
C00389,Annadata Sukhibhava
C02201,Dr NTR Vaidya Seva
C00109,Dr NTR Vaidya Seva
C03447,Dr NTR Vaidya Seva
C00936,Talliki Vandanam
C03094,Dr NTR Vaidya Seva
C01986,Thalli Bidda
C02536,Annadata Sukhibhava
C01205,Annadata Sukhibhava
C04251,Thalli Bidda
C04897,Talliki Vandanam
C03161,Free Gas Cylinders
C00074,Dr NTR Vaidya Seva
C00636,Unemployment Allowance
C03587,Annadata Sukhibhava
C02868,Talliki Vandanam
C00839,Annadata Sukhibhava
C01350,Free Gas Cylinders
C00019,Deepam 2.0
C01565,Annadata Sukhibhava
C03403,Talliki Vandanam
C00014,Unemployment Allowance
C00432,Deepam 2.0
C03938,Deepam 2.0
C04571,Dokka Seethamma
C03405,Dokka Seethamma
C01859,Deepam 2.0
C00925,Deepam 2.0
C00493,Dokka Seethamma
C03204,Annadata Sukhibhava
C02165,Dokka Seethamma
C02420,Deepam 2.0
C03047,Talliki Vandanam
C03786,Dr NTR Vaidya Seva
C03119,Thalli Bidda
C04140,Unemployment Allowance
C01343,Talliki Vandanam
C00506,Annadata Sukhibhava
C02343,Annadata Sukhibhava
C02280,Unemployment Allowance
C01118,Unemployment Allowance
C03214,Talliki Vandanam
C03897,Free Bus Travel for Women
C04001,Deepam 2.0
C02021,Dokka Seethamma
C03467,Annadata Sukhibhava
C02900,Free Gas Cylinders
C01390,Dokka Seethamma
C02639,Unemployment Allowance
C03744,Free Gas Cylinders
C03855,Dr NTR Vaidya Seva
C01748,Thalli Bidda
C04988,Dokka Seethamma
C01397,Free Bus Travel for Women
C00236,Free Gas Cylinders
C02576,Thalli Bidda
C03915,Thalli Bidda
C04922,Dokka Seethamma
C01712,Dr NTR Vaidya Seva
C03634,Dr NTR Vaidya Seva
C00130,Thalli Bidda
C02555,Annadata Sukhibhava
C00331,Free Gas Cylinders
C04806,Free Bus Travel for Women
C04959,Unemployment Allowance
C04387,Annadata Sukhibhava
C02593,Talliki Vandanam
C02300,Free Bus Travel for Women
C04668,Talliki Vandanam
C01937,Free Gas Cylinders
