citizenId,householdId
C00001,HH0001
C00002,HH0002
C00003,HH0003
C00004,HH0004
C00005,HH0005
C00006,HH0006
C00007,HH0007
C00008,HH0008
C00009,HH0009
C00010,HH0010
C00011,HH0011
C00012,HH0012
C00013,HH0013
C00014,HH0014
C00015,HH0015
C00016,HH0016
C00017,HH0017
C00018,HH0018
C00019,HH0019
C00020,HH0020
C00021,HH0021
C00022,HH0022
C00023,HH0023
C00024,HH0024
C00025,HH0025
C00026,HH0026
C00027,HH0027
C00028,HH0028
C00029,HH0029
C00030,HH0030
C00031,HH0031
C00032,HH0032
C00033,HH0033
C00034,HH0034
C00035,HH0035
C00036,HH0036
C00037,HH0037
C00038,HH0038
C00039,HH0039
C00040,HH0040
C00041,HH0041
C00042,HH0042
C00043,HH0043
C00044,HH0044
C00045,HH0045
C00046,HH0046
C00047,HH0047
C00048,HH0048
C00049,HH0049
C00050,HH0050
C00051,HH0051
C00052,HH0052
C00053,HH0053
C00054,HH0054
C00055,HH0055
C00056,HH0056
C00057,HH0057
C00058,HH0058
C00059,HH0059
C00060,HH0060
C00061,HH0061
C00062,HH0062
C00063,HH0063
C00064,HH0064
C00065,HH0065
C00066,HH0066
C00067,HH0067
C00068,HH0068
C00069,HH0069
C00070,HH0070
C00071,HH0071
C00072,HH0072
C00073,HH0073
C00074,HH0074
C00075,HH0075
C00076,HH0076
C00077,HH0077
C00078,HH0078
C00079,HH0079
C00080,HH0080
C00081,HH0081
C00082,HH0082
C00083,HH0083
C00084,HH0084
C00085,HH0085
C00086,HH0086
C00087,HH0087
C00088,HH0088
C00089,HH0089
C00090,HH0090
C00091,HH0091
C00092,HH0092
C00093,HH0093
C00094,HH0094
C00095,HH0095
C00096,HH0096
C00097,HH0097
C00098,HH0098
C00099,HH0099
C00100,HH0100
C00101,HH0101
C00102,HH0102
C00103,HH0103
C00104,HH0104
C00105,HH0105
C00106,HH0106
C00107,HH0107
C00108,HH0108
C00109,HH0109
C00110,HH0110
C00111,HH0111
C00112,HH0112
C00113,HH0113
C00114,HH0114
C00115,HH0115
C00116,HH0116
C00117,HH0117
C00118,HH0118
C00119,HH0119
C00120,HH0120
C00121,HH0121
C00122,HH0122
C00123,HH0123
C00124,HH0124
C00125,HH0125
C00126,HH0126
C00127,HH0127
C00128,HH0128
C00129,HH0129
C00130,HH0130
C00131,HH0131
C00132,HH0132
C00133,HH0133
C00134,HH0134
C00135,HH0135
C00136,HH0136
C00137,HH0137
C00138,HH0138
C00139,HH0139
C00140,HH0140
C00141,HH0141
C00142,HH0142
C00143,HH0143
C00144,HH0144
C00145,HH0145
C00146,HH0146
C00147,HH0147
C00148,HH0148
C00149,HH0149
C00150,HH0150
C00151,HH0151
C00152,HH0152
C00153,HH0153
C00154,HH0154
C00155,HH0155
C00156,HH0156
C00157,HH0157
C00158,HH0158
C00159,HH0159
C00160,HH0160
C00161,HH0161
C00162,HH0162
C00163,HH0163
C00164,HH0164
C00165,HH0165
C00166,HH0166
C00167,HH0167
C00168,HH0168
C00169,HH0169
C00170,HH0170
C00171,HH0171
C00172,HH0172
C00173,HH0173
C00174,HH0174
C00175,HH0175
C00176,HH0176
C00177,HH0177
C00178,HH0178
C00179,HH0179
C00180,HH0180
C00181,HH0181
C00182,HH0182
C00183,HH0183
C00184,HH0184
C00185,HH0185
C00186,HH0186
C00187,HH0187
C00188,HH0188
C00189,HH0189
C00190,HH0190
C00191,HH0191
C00192,HH0192
C00193,HH0193
C00194,HH0194
C00195,HH0195
C00196,HH0196
C00197,HH0197
C00198,HH0198
C00199,HH0199
C00200,HH0200
C00201,HH0201
C00202,HH0202
C00203,HH0203
C00204,HH0204
C00205,HH0205
C00206,HH0206
C00207,HH0207
C00208,HH0208
C00209,HH0209
C00210,HH0210
C00211,HH0211
C00212,HH0212
C00213,HH0213
C00214,HH0214
C00215,HH0215
C00216,HH0216
C00217,HH0217
C00218,HH0218
C00219,HH0219
C00220,HH0220
C00221,HH0221
C00222,HH0222
C00223,HH0223
C00224,HH0224
C00225,HH0225
C00226,HH0226
C00227,HH0227
C00228,HH0228
C00229,HH0229
C00230,HH0230
C00231,HH0231
C00232,HH0232
C00233,HH0233
C00234,HH0234
C00235,HH0235
C00236,HH0236
C00237,HH0237
C00238,HH0238
C00239,HH0239
C00240,HH0240
C00241,HH0241
C00242,HH0242
C00243,HH0243
C00244,HH0244
C00245,HH0245
C00246,HH0246
C00247,HH0247
C00248,HH0248
C00249,HH0249
C00250,HH0250
C00251,HH0251
C00252,HH0252
C00253,HH0253
C00254,HH0254
C00255,HH0255
C00256,HH0256
C00257,HH0257
C00258,HH0258
C00259,HH0259
C00260,HH0260
C00261,HH0261
C00262,HH0262
C00263,HH0263
C00264,HH0264
C00265,HH0265
C00266,HH0266
C00267,HH0267
C00268,HH0268
C00269,HH0269
C00270,HH0270
C00271,HH0271
C00272,HH0272
C00273,HH0273
C00274,HH0274
C00275,HH0275
C00276,HH0276
C00277,HH0277
C00278,HH0278
C00279,HH0279
C00280,HH0280
C00281,HH0281
C00282,HH0282
C00283,HH0283
C00284,HH0284
C00285,HH0285
C00286,HH0286
C00287,HH0287
C00288,HH0288
C00289,HH0289
C00290,HH0290
C00291,HH0291
C00292,HH0292
C00293,HH0293
C00294,HH0294
C00295,HH0295
C00296,HH0296
C00297,HH0297
C00298,HH0298
C00299,HH0299
C00300,HH0300
C00301,HH0301
C00302,HH0302
C00303,HH0303
C00304,HH0304
C00305,HH0305
C00306,HH0306
C00307,HH0307
C00308,HH0308
C00309,HH0309
C00310,HH0310
C00311,HH0311
C00312,HH0312
C00313,HH0313
C00314,HH0314
C00315,HH0315
C00316,HH0316
C00317,HH0317
C00318,HH0318
C00319,HH0319
C00320,HH0320
C00321,HH0321
C00322,HH0322
C00323,HH0323
C00324,HH0324
C00325,HH0325
C00326,HH0326
C00327,HH0327
C00328,HH0328
C00329,HH0329
C00330,HH0330
C00331,HH0331
C00332,HH0332
C00333,HH0333
C00334,HH0334
C00335,HH0335
C00336,HH0336
C00337,HH0337
C00338,HH0338
C00339,HH0339
C00340,HH0340
C00341,HH0341
C00342,HH0342
C00343,HH0343
C00344,HH0344
C00345,HH0345
C00346,HH0346
C00347,HH0347
C00348,HH0348
C00349,HH0349
C00350,HH0350
C00351,HH0351
C00352,HH0352
C00353,HH0353
C00354,HH0354
C00355,HH0355
C00356,HH0356
C00357,HH0357
C00358,HH0358
C00359,HH0359
C00360,HH0360
C00361,HH0361
C00362,HH0362
C00363,HH0363
C00364,HH0364
C00365,HH0365
C00366,HH0366
C00367,HH0367
C00368,HH0368
C00369,HH0369
C00370,HH0370
C00371,HH0371
C00372,HH0372
C00373,HH0373
C00374,HH0374
C00375,HH0375
C00376,HH0376
C00377,HH0377
C00378,HH0378
C00379,HH0379
C00380,HH0380
C00381,HH0381
C00382,HH0382
C00383,HH0383
C00384,HH0384
C00385,HH0385
C00386,HH0386
C00387,HH0387
C00388,HH0388
C00389,HH0389
C00390,HH0390
C00391,HH0391
C00392,HH0392
C00393,HH0393
C00394,HH0394
C00395,HH0395
C00396,HH0396
C00397,HH0397
C00398,HH0398
C00399,HH0399
C00400,HH0400
C00401,HH0401
C00402,HH0402
C00403,HH0403
C00404,HH0404
C00405,HH0405
C00406,HH0406
C00407,HH0407
C00408,HH0408
C00409,HH0409
C00410,HH0410
C00411,HH0411
C00412,HH0412
C00413,HH0413
C00414,HH0414
C00415,HH0415
C00416,HH0416
C00417,HH0417
C00418,HH0418
C00419,HH0419
C00420,HH0420
C00421,HH0421
C00422,HH0422
C00423,HH0423
C00424,HH0424
C00425,HH0425
C00426,HH0426
C00427,HH0427
C00428,HH0428
C00429,HH0429
C00430,HH0430
C00431,HH0431
C00432,HH0432
C00433,HH0433
C00434,HH0434
C00435,HH0435
C00436,HH0436
C00437,HH0437
C00438,HH0438
C00439,HH0439
C00440,HH0440
C00441,HH0441
C00442,HH0442
C00443,HH0443
C00444,HH0444
C00445,HH0445
C00446,HH0446
C00447,HH0447
C00448,HH0448
C00449,HH0449
C00450,HH0450
C00451,HH0451
C00452,HH0452
C00453,HH0453
C00454,HH0454
C00455,HH0455
C00456,HH0456
C00457,HH0457
C00458,HH0458
C00459,HH0459
C00460,HH0460
C00461,HH0461
C00462,HH0462
C00463,HH0463
C00464,HH0464
C00465,HH0465
C00466,HH0466
C00467,HH0467
C00468,HH0468
C00469,HH0469
C00470,HH0470
C00471,HH0471
C00472,HH0472
C00473,HH0473
C00474,HH0474
C00475,HH0475
C00476,HH0476
C00477,HH0477
C00478,HH0478
C00479,HH0479
C00480,HH0480
C00481,HH0481
C00482,HH0482
C00483,HH0483
C00484,HH0484
C00485,HH0485
C00486,HH0486
C00487,HH0487
C00488,HH0488
C00489,HH0489
C00490,HH0490
C00491,HH0491
C00492,HH0492
C00493,HH0493
C00494,HH0494
C00495,HH0495
C00496,HH0496
C00497,HH0497
C00498,HH0498
C00499,HH0499
C00500,HH0500
C00501,HH0501
C00502,HH0502
C00503,HH0503
C00504,HH0504
C00505,HH0505
C00506,HH0506
C00507,HH0507
C00508,HH0508
C00509,HH0509
C00510,HH0510
C00511,HH0511
C00512,HH0512
C00513,HH0513
C00514,HH0514
C00515,HH0515
C00516,HH0516
C00517,HH0517
C00518,HH0518
C00519,HH0519
C00520,HH0520
C00521,HH0521
C00522,HH0522
C00523,HH0523
C00524,HH0524
C00525,HH0525
C00526,HH0526
C00527,HH0527
C00528,HH0528
C00529,HH0529
C00530,HH0530
C00531,HH0531
C00532,HH0532
C00533,HH0533
C00534,HH0534
C00535,HH0535
C00536,HH0536
C00537,HH0537
C00538,HH0538
C00539,HH0539
C00540,HH0540
C00541,HH0541
C00542,HH0542
C00543,HH0543
C00544,HH0544
C00545,HH0545
C00546,HH0546
C00547,HH0547
C00548,HH0548
C00549,HH0549
C00550,HH0550
C00551,HH0551
C00552,HH0552
C00553,HH0553
C00554,HH0554
C00555,HH0555
C00556,HH0556
C00557,HH0557
C00558,HH0558
C00559,HH0559
C00560,HH0560
C00561,HH0561
C00562,HH0562
C00563,HH0563
C00564,HH0564
C00565,HH0565
C00566,HH0566
C00567,HH0567
C00568,HH0568
C00569,HH0569
C00570,HH0570
C00571,HH0571
C00572,HH0572
C00573,HH0573
C00574,HH0574
C00575,HH0575
C00576,HH0576
C00577,HH0577
C00578,HH0578
C00579,HH0579
C00580,HH0580
C00581,HH0581
C00582,HH0582
C00583,HH0583
C00584,HH0584
C00585,HH0585
C00586,HH0586
C00587,HH0587
C00588,HH0588
C00589,HH0589
C00590,HH0590
C00591,HH0591
C00592,HH0592
C00593,HH0593
C00594,HH0594
C00595,HH0595
C00596,HH0596
C00597,HH0597
C00598,HH0598
C00599,HH0599
C00600,HH0600
C00601,HH0601
C00602,HH0602
C00603,HH0603
C00604,HH0604
C00605,HH0605
C00606,HH0606
C00607,HH0607
C00608,HH0608
C00609,HH0609
C00610,HH0610
C00611,HH0611
C00612,HH0612
C00613,HH0613
C00614,HH0614
C00615,HH0615
C00616,HH0616
C00617,HH0617
C00618,HH0618
C00619,HH0619
C00620,HH0620
C00621,HH0621
C00622,HH0622
C00623,HH0623
C00624,HH0624
C00625,HH0625
C00626,HH0626
C00627,HH0627
C00628,HH0628
C00629,HH0629
C00630,HH0630
C00631,HH0631
C00632,HH0632
C00633,HH0633
C00634,HH0634
C00635,HH0635
C00636,HH0636
C00637,HH0637
C00638,HH0638
C00639,HH0639
C00640,HH0640
C00641,HH0641
C00642,HH0642
C00643,HH0643
C00644,HH0644
C00645,HH0645
C00646,HH0646
C00647,HH0647
C00648,HH0648
C00649,HH0649
C00650,HH0650
C00651,HH0651
C00652,HH0652
C00653,HH0653
C00654,HH0654
C00655,HH0655
C00656,HH0656
C00657,HH0657
C00658,HH0658
C00659,HH0659
C00660,HH0660
C00661,HH0661
C00662,HH0662
C00663,HH0663
C00664,HH0664
C00665,HH0665
C00666,HH0666
C00667,HH0667
C00668,HH0668
C00669,HH0669
C00670,HH0670
C00671,HH0671
C00672,HH0672
C00673,HH0673
C00674,HH0674
C00675,HH0675
C00676,HH0676
C00677,HH0677
C00678,HH0678
C00679,HH0679
C00680,HH0680
C00681,HH0681
C00682,HH0682
C00683,HH0683
C00684,HH0684
C00685,HH0685
C00686,HH0686
C00687,HH0687
C00688,HH0688
C00689,HH0689
C00690,HH0690
C00691,HH0691
C00692,HH0692
C00693,HH0693
C00694,HH0694
C00695,HH0695
C00696,HH0696
C00697,HH0697
C00698,HH0698
C00699,HH0699
C00700,HH0700
C00701,HH0701
C00702,HH0702
C00703,HH0703
C00704,HH0704
C00705,HH0705
C00706,HH0706
C00707,HH0707
C00708,HH0708
C00709,HH0709
C00710,HH0710
C00711,HH0711
C00712,HH0712
C00713,HH0713
C00714,HH0714
C00715,HH0715
C00716,HH0716
C00717,HH0717
C00718,HH0718
C00719,HH0719
C00720,HH0720
C00721,HH0721
C00722,HH0722
C00723,HH0723
C00724,HH0724
C00725,HH0725
C00726,HH0726
C00727,HH0727
C00728,HH0728
C00729,HH0729
C00730,HH0730
C00731,HH0731
C00732,HH0732
C00733,HH0733
C00734,HH0734
C00735,HH0735
C00736,HH0736
C00737,HH0737
C00738,HH0738
C00739,HH0739
C00740,HH0740
C00741,HH0741
C00742,HH0742
C00743,HH0743
C00744,HH0744
C00745,HH0745
C00746,HH0746
C00747,HH0747
C00748,HH0748
C00749,HH0749
C00750,HH0750
C00751,HH0751
C00752,HH0752
C00753,HH0753
C00754,HH0754
C00755,HH0755
C00756,HH0756
C00757,HH0757
C00758,HH0758
C00759,HH0759
C00760,HH0760
C00761,HH0761
C00762,HH0762
C00763,HH0763
C00764,HH0764
C00765,HH0765
C00766,HH0766
C00767,HH0767
C00768,HH0768
C00769,HH0769
C00770,HH0770
C00771,HH0771
C00772,HH0772
C00773,HH0773
C00774,HH0774
C00775,HH0775
C00776,HH0776
C00777,HH0777
C00778,HH0778
C00779,HH0779
C00780,HH0780
C00781,HH0781
C00782,HH0782
C00783,HH0783
C00784,HH0784
C00785,HH0785
C00786,HH0786
C00787,HH0787
C00788,HH0788
C00789,HH0789
C00790,HH0790
C00791,HH0791
C00792,HH0792
C00793,HH0793
C00794,HH0794
C00795,HH0795
C00796,HH0796
C00797,HH0797
C00798,HH0798
C00799,HH0799
C00800,HH0800
C00801,HH0801
C00802,HH0802
C00803,HH0803
C00804,HH0804
C00805,HH0805
C00806,HH0806
C00807,HH0807
C00808,HH0808
C00809,HH0809
C00810,HH0810
C00811,HH0811
C00812,HH0812
C00813,HH0813
C00814,HH0814
C00815,HH0815
C00816,HH0816
C00817,HH0817
C00818,HH0818
C00819,HH0819
C00820,HH0820
C00821,HH0821
C00822,HH0822
C00823,HH0823
C00824,HH0824
C00825,HH0825
C00826,HH0826
C00827,HH0827
C00828,HH0828
C00829,HH0829
C00830,HH0830
C00831,HH0831
C00832,HH0832
C00833,HH0833
C00834,HH0834
C00835,HH0835
C00836,HH0836
C00837,HH0837
C00838,HH0838
C00839,HH0839
C00840,HH0840
C00841,HH0841
C00842,HH0842
C00843,HH0843
C00844,HH0844
C00845,HH0845
C00846,HH0846
C00847,HH0847
C00848,HH0848
C00849,HH0849
C00850,HH0850
C00851,HH0851
C00852,HH0852
C00853,HH0853
C00854,HH0854
C00855,HH0855
C00856,HH0856
C00857,HH0857
C00858,HH0858
C00859,HH0859
C00860,HH0860
C00861,HH0861
C00862,HH0862
C00863,HH0863
C00864,HH0864
C00865,HH0865
C00866,HH0866
C00867,HH0867
C00868,HH0868
C00869,HH0869
C00870,HH0870
C00871,HH0871
C00872,HH0872
C00873,HH0873
C00874,HH0874
C00875,HH0875
C00876,HH0876
C00877,HH0877
C00878,HH0878
C00879,HH0879
C00880,HH0880
C00881,HH0881
C00882,HH0882
C00883,HH0883
C00884,HH0884
C00885,HH0885
C00886,HH0886
C00887,HH0887
C00888,HH0888
C00889,HH0889
C00890,HH0890
C00891,HH0891
C00892,HH0892
C00893,HH0893
C00894,HH0894
C00895,HH0895
C00896,HH0896
C00897,HH0897
C00898,HH0898
C00899,HH0899
C00900,HH0900
C00901,HH0901
C00902,HH0902
C00903,HH0903
C00904,HH0904
C00905,HH0905
C00906,HH0906
C00907,HH0907
C00908,HH0908
C00909,HH0909
C00910,HH0910
C00911,HH0911
C00912,HH0912
C00913,HH0913
C00914,HH0914
C00915,HH0915
C00916,HH0916
C00917,HH0917
C00918,HH0918
C00919,HH0919
C00920,HH0920
C00921,HH0921
C00922,HH0922
C00923,HH0923
C00924,HH0924
C00925,HH0925
C00926,HH0926
C00927,HH0927
C00928,HH0928
C00929,HH0929
C00930,HH0930
C00931,HH0931
C00932,HH0932
C00933,HH0933
C00934,HH0934
C00935,HH0935
C00936,HH0936
C00937,HH0937
C00938,HH0938
C00939,HH0939
C00940,HH0940
C00941,HH0941
C00942,HH0942
C00943,HH0943
C00944,HH0944
C00945,HH0945
C00946,HH0946
C00947,HH0947
C00948,HH0948
C00949,HH0949
C00950,HH0950
C00951,HH0951
C00952,HH0952
C00953,HH0953
C00954,HH0954
C00955,HH0955
C00956,HH0956
C00957,HH0957
C00958,HH0958
C00959,HH0959
C00960,HH0960
C00961,HH0961
C00962,HH0962
C00963,HH0963
C00964,HH0964
C00965,HH0965
C00966,HH0966
C00967,HH0967
C00968,HH0968
C00969,HH0969
C00970,HH0970
C00971,HH0971
C00972,HH0972
C00973,HH0973
C00974,HH0974
C00975,HH0975
C00976,HH0976
C00977,HH0977
C00978,HH0978
C00979,HH0979
C00980,HH0980
C00981,HH0981
C00982,HH0982
C00983,HH0983
C00984,HH0984
C00985,HH0985
C00986,HH0986
C00987,HH0987
C00988,HH0988
C00989,HH0989
C00990,HH0990
C00991,HH0991
C00992,HH0992
C00993,HH0993
C00994,HH0994
C00995,HH0995
C00996,HH0996
C00997,HH0997
C00998,HH0998
C00999,HH0999
C01000,HH1000
C01001,HH1001
C01002,HH1002
C01003,HH1003
C01004,HH1004
C01005,HH1005
C01006,HH1006
C01007,HH1007
C01008,HH1008
C01009,HH1009
C01010,HH1010
C01011,HH1011
C01012,HH1012
C01013,HH1013
C01014,HH1014
C01015,HH1015
C01016,HH1016
C01017,HH1017
C01018,HH1018
C01019,HH1019
C01020,HH1020
C01021,HH1021
C01022,HH1022
C01023,HH1023
C01024,HH1024
C01025,HH1025
C01026,HH1026
C01027,HH1027
C01028,HH1028
C01029,HH1029
C01030,HH1030
C01031,HH1031
C01032,HH1032
C01033,HH1033
C01034,HH1034
C01035,HH1035
C01036,HH1036
C01037,HH1037
C01038,HH1038
C01039,HH1039
C01040,HH1040
C01041,HH1041
C01042,HH1042
C01043,HH1043
C01044,HH1044
C01045,HH1045
C01046,HH1046
C01047,HH1047
C01048,HH1048
C01049,HH1049
C01050,HH1050
C01051,HH1051
C01052,HH1052
C01053,HH1053
C01054,HH1054
C01055,HH1055
C01056,HH1056
C01057,HH1057
C01058,HH1058
C01059,HH1059
C01060,HH1060
C01061,HH1061
C01062,HH1062
C01063,HH1063
C01064,HH1064
C01065,HH1065
C01066,HH1066
C01067,HH1067
C01068,HH1068
C01069,HH1069
C01070,HH1070
C01071,HH1071
C01072,HH1072
C01073,HH1073
C01074,HH1074
C01075,HH1075
C01076,HH1076
C01077,HH1077
C01078,HH1078
C01079,HH1079
C01080,HH1080
C01081,HH1081
C01082,HH1082
C01083,HH1083
C01084,HH1084
C01085,HH1085
C01086,HH1086
C01087,HH1087
C01088,HH1088
C01089,HH1089
C01090,HH1090
C01091,HH1091
C01092,HH1092
C01093,HH1093
C01094,HH1094
C01095,HH1095
C01096,HH1096
C01097,HH1097
C01098,HH1098
C01099,HH1099
C01100,HH1100
C01101,HH1101
C01102,HH1102
C01103,HH1103
C01104,HH1104
C01105,HH1105
C01106,HH1106
C01107,HH1107
C01108,HH1108
C01109,HH1109
C01110,HH1110
C01111,HH1111
C01112,HH1112
C01113,HH1113
C01114,HH1114
C01115,HH1115
C01116,HH1116
C01117,HH1117
C01118,HH1118
C01119,HH1119
C01120,HH1120
C01121,HH1121
C01122,HH1122
C01123,HH1123
C01124,HH1124
C01125,HH1125
C01126,HH1126
C01127,HH1127
C01128,HH1128
C01129,HH1129
C01130,HH1130
C01131,HH1131
C01132,HH1132
C01133,HH1133
C01134,HH1134
C01135,HH1135
C01136,HH1136
C01137,HH1137
C01138,HH1138
C01139,HH1139
C01140,HH1140
C01141,HH1141
C01142,HH1142
C01143,HH1143
C01144,HH1144
C01145,HH1145
C01146,HH1146
C01147,HH1147
C01148,HH1148
C01149,HH1149
C01150,HH1150
C01151,HH1151
C01152,HH1152
C01153,HH1153
C01154,HH1154
C01155,HH1155
C01156,HH1156
C01157,HH1157
C01158,HH1158
C01159,HH1159
C01160,HH1160
C01161,HH1161
C01162,HH1162
C01163,HH1163
C01164,HH1164
C01165,HH1165
C01166,HH1166
C01167,HH1167
C01168,HH1168
C01169,HH1169
C01170,HH1170
C01171,HH1171
C01172,HH1172
C01173,HH1173
C01174,HH1174
C01175,HH1175
C01176,HH1176
C01177,HH1177
C01178,HH1178
C01179,HH1179
C01180,HH1180
C01181,HH1181
C01182,HH1182
C01183,HH1183
C01184,HH1184
C01185,HH1185
C01186,HH1186
C01187,HH1187
C01188,HH1188
C01189,HH1189
C01190,HH1190
C01191,HH1191
C01192,HH1192
C01193,HH1193
C01194,HH1194
C01195,HH1195
C01196,HH1196
C01197,HH1197
C01198,HH1198
C01199,HH1199
C01200,HH1200
C01201,HH1201
C01202,HH1202
C01203,HH1203
C01204,HH1204
C01205,HH1205
C01206,HH1206
C01207,HH1207
C01208,HH1208
C01209,HH1209
C01210,HH1210
C01211,HH1211
C01212,HH1212
C01213,HH1213
C01214,HH1214
C01215,HH1215
C01216,HH1216
C01217,HH1217
C01218,HH1218
C01219,HH1219
C01220,HH1220
C01221,HH1221
C01222,HH1222
C01223,HH1223
C01224,HH1224
C01225,HH1225
C01226,HH1226
C01227,HH1227
C01228,HH1228
C01229,HH1229
C01230,HH1230
C01231,HH1231
C01232,HH1232
C01233,HH1233
C01234,HH1234
C01235,HH1235
C01236,HH1236
C01237,HH1237
C01238,HH1238
C01239,HH1239
C01240,HH1240
C01241,HH1241
C01242,HH1242
C01243,HH1243
C01244,HH1244
C01245,HH1245
C01246,HH1246
C01247,HH1247
C01248,HH1248
C01249,HH1249
C01250,HH1250
C01251,HH1251
C01252,HH1252
C01253,HH1253
C01254,HH1254
C01255,HH1255
C01256,HH1256
C01257,HH1257
C01258,HH1258
C01259,HH1259
C01260,HH1260
C01261,HH1261
C01262,HH1262
C01263,HH1263
C01264,HH1264
C01265,HH1265
C01266,HH1266
C01267,HH1267
C01268,HH1268
C01269,HH1269
C01270,HH1270
C01271,HH1271
C01272,HH1272
C01273,HH1273
C01274,HH1274
C01275,HH1275
C01276,HH1276
C01277,HH1277
C01278,HH1278
C01279,HH1279
C01280,HH1280
C01281,HH1281
C01282,HH1282
C01283,HH1283
C01284,HH1284
C01285,HH1285
C01286,HH1286
C01287,HH1287
C01288,HH1288
C01289,HH1289
C01290,HH1290
C01291,HH1291
C01292,HH1292
C01293,HH1293
C01294,HH1294
C01295,HH1295
C01296,HH1296
C01297,HH1297
C01298,HH1298
C01299,HH1299
C01300,HH1300
C01301,HH1301
C01302,HH1302
C01303,HH1303
C01304,HH1304
C01305,HH1305
C01306,HH1306
C01307,HH1307
C01308,HH1308
C01309,HH1309
C01310,HH1310
C01311,HH1311
C01312,HH1312
C01313,HH1313
C01314,HH1314
C01315,HH1315
C01316,HH1316
C01317,HH1317
C01318,HH1318
C01319,HH1319
C01320,HH1320
C01321,HH1321
C01322,HH1322
C01323,HH1323
C01324,HH1324
C01325,HH1325
C01326,HH1326
C01327,HH1327
C01328,HH1328
C01329,HH1329
C01330,HH1330
C01331,HH1331
C01332,HH1332
C01333,HH1333
C01334,HH1334
C01335,HH1335
C01336,HH1336
C01337,HH1337
C01338,HH1338
C01339,HH1339
C01340,HH1340
C01341,HH1341
C01342,HH1342
C01343,HH1343
C01344,HH1344
C01345,HH1345
C01346,HH1346
C01347,HH1347
C01348,HH1348
C01349,HH1349
C01350,HH1350
C01351,HH1351
C01352,HH1352
C01353,HH1353
C01354,HH1354
C01355,HH1355
C01356,HH1356
C01357,HH1357
C01358,HH1358
C01359,HH1359
C01360,HH1360
C01361,HH1361
C01362,HH1362
C01363,HH1363
C01364,HH1364
C01365,HH1365
C01366,HH1366
C01367,HH1367
C01368,HH1368
C01369,HH1369
C01370,HH1370
C01371,HH1371
C01372,HH1372
C01373,HH1373
C01374,HH1374
C01375,HH1375
C01376,HH1376
C01377,HH1377
C01378,HH1378
C01379,HH1379
C01380,HH1380
C01381,HH1381
C01382,HH1382
C01383,HH1383
C01384,HH1384
C01385,HH1385
C01386,HH1386
C01387,HH1387
C01388,HH1388
C01389,HH1389
C01390,HH1390
C01391,HH1391
C01392,HH1392
C01393,HH1393
C01394,HH1394
C01395,HH1395
C01396,HH1396
C01397,HH1397
C01398,HH1398
C01399,HH1399
C01400,HH1400
C01401,HH0001
C01402,HH0002
C01403,HH0003
C01404,HH0004
C01405,HH0005
C01406,HH0006
C01407,HH0007
C01408,HH0008
C01409,HH0009
C01410,HH0010
C01411,HH0011
C01412,HH0012
C01413,HH0013
C01414,HH0014
C01415,HH0015
C01416,HH0016
C01417,HH0017
C01418,HH0018
C01419,HH0019
C01420,HH0020
C01421,HH0021
C01422,HH0022
C01423,HH0023
C01424,HH0024
C01425,HH0025
C01426,HH0026
C01427,HH0027
C01428,HH0028
C01429,HH0029
C01430,HH0030
C01431,HH0031
C01432,HH0032
C01433,HH0033
C01434,HH0034
C01435,HH0035
C01436,HH0036
C01437,HH0037
C01438,HH0038
C01439,HH0039
C01440,HH0040
C01441,HH0041
C01442,HH0042
C01443,HH0043
C01444,HH0044
C01445,HH0045
C01446,HH0046
C01447,HH0047
C01448,HH0048
C01449,HH0049
C01450,HH0050
C01451,HH0051
C01452,HH0052
C01453,HH0053
C01454,HH0054
C01455,HH0055
C01456,HH0056
C01457,HH0057
C01458,HH0058
C01459,HH0059
C01460,HH0060
C01461,HH0061
C01462,HH0062
C01463,HH0063
C01464,HH0064
C01465,HH0065
C01466,HH0066
C01467,HH0067
C01468,HH0068
C01469,HH0069
C01470,HH0070
C01471,HH0071
C01472,HH0072
C01473,HH0073
C01474,HH0074
C01475,HH0075
C01476,HH0076
C01477,HH0077
C01478,HH0078
C01479,HH0079
C01480,HH0080
C01481,HH0081
C01482,HH0082
C01483,HH0083
C01484,HH0084
C01485,HH0085
C01486,HH0086
C01487,HH0087
C01488,HH0088
C01489,HH0089
C01490,HH0090
C01491,HH0091
C01492,HH0092
C01493,HH0093
C01494,HH0094
C01495,HH0095
C01496,HH0096
C01497,HH0097
C01498,HH0098
C01499,HH0099
C01500,HH0100
C01501,HH0101
C01502,HH0102
C01503,HH0103
C01504,HH0104
C01505,HH0105
C01506,HH0106
C01507,HH0107
C01508,HH0108
C01509,HH0109
C01510,HH0110
C01511,HH0111
C01512,HH0112
C01513,HH0113
C01514,HH0114
C01515,HH0115
C01516,HH0116
C01517,HH0117
C01518,HH0118
C01519,HH0119
C01520,HH0120
C01521,HH0121
C01522,HH0122
C01523,HH0123
C01524,HH0124
C01525,HH0125
C01526,HH0126
C01527,HH0127
C01528,HH0128
C01529,HH0129
C01530,HH0130
C01531,HH0131
C01532,HH0132
C01533,HH0133
C01534,HH0134
C01535,HH0135
C01536,HH0136
C01537,HH0137
C01538,HH0138
C01539,HH0139
C01540,HH0140
C01541,HH0141
C01542,HH0142
C01543,HH0143
C01544,HH0144
C01545,HH0145
C01546,HH0146
C01547,HH0147
C01548,HH0148
C01549,HH0149
C01550,HH0150
C01551,HH0151
C01552,HH0152
C01553,HH0153
C01554,HH0154
C01555,HH0155
C01556,HH0156
C01557,HH0157
C01558,HH0158
C01559,HH0159
C01560,HH0160
C01561,HH0161
C01562,HH0162
C01563,HH0163
C01564,HH0164
C01565,HH0165
C01566,HH0166
C01567,HH0167
C01568,HH0168
C01569,HH0169
C01570,HH0170
C01571,HH0171
C01572,HH0172
C01573,HH0173
C01574,HH0174
C01575,HH0175
C01576,HH0176
C01577,HH0177
C01578,HH0178
C01579,HH0179
C01580,HH0180
C01581,HH0181
C01582,HH0182
C01583,HH0183
C01584,HH0184
C01585,HH0185
C01586,HH0186
C01587,HH0187
C01588,HH0188
C01589,HH0189
C01590,HH0190
C01591,HH0191
C01592,HH0192
C01593,HH0193
C01594,HH0194
C01595,HH0195
C01596,HH0196
C01597,HH0197
C01598,HH0198
C01599,HH0199
C01600,HH0200
C01601,HH0201
C01602,HH0202
C01603,HH0203
C01604,HH0204
C01605,HH0205
C01606,HH0206
C01607,HH0207
C01608,HH0208
C01609,HH0209
C01610,HH0210
C01611,HH0211
C01612,HH0212
C01613,HH0213
C01614,HH0214
C01615,HH0215
C01616,HH0216
C01617,HH0217
C01618,HH0218
C01619,HH0219
C01620,HH0220
C01621,HH0221
C01622,HH0222
C01623,HH0223
C01624,HH0224
C01625,HH0225
C01626,HH0226
C01627,HH0227
C01628,HH0228
C01629,HH0229
C01630,HH0230
C01631,HH0231
C01632,HH0232
C01633,HH0233
C01634,HH0234
C01635,HH0235
C01636,HH0236
C01637,HH0237
C01638,HH0238
C01639,HH0239
C01640,HH0240
C01641,HH0241
C01642,HH0242
C01643,HH0243
C01644,HH0244
C01645,HH0245
C01646,HH0246
C01647,HH0247
C01648,HH0248
C01649,HH0249
C01650,HH0250
C01651,HH0251
C01652,HH0252
C01653,HH0253
C01654,HH0254
C01655,HH0255
C01656,HH0256
C01657,HH0257
C01658,HH0258
C01659,HH0259
C01660,HH0260
C01661,HH0261
C01662,HH0262
C01663,HH0263
C01664,HH0264
C01665,HH0265
C01666,HH0266
C01667,HH0267
C01668,HH0268
C01669,HH0269
C01670,HH0270
C01671,HH0271
C01672,HH0272
C01673,HH0273
C01674,HH0274
C01675,HH0275
C01676,HH0276
C01677,HH0277
C01678,HH0278
C01679,HH0279
C01680,HH0280
C01681,HH0281
C01682,HH0282
C01683,HH0283
C01684,HH0284
C01685,HH0285
C01686,HH0286
C01687,HH0287
C01688,HH0288
C01689,HH0289
C01690,HH0290
C01691,HH0291
C01692,HH0292
C01693,HH0293
C01694,HH0294
C01695,HH0295
C01696,HH0296
C01697,HH0297
C01698,HH0298
C01699,HH0299
C01700,HH0300
C01701,HH0301
C01702,HH0302
C01703,HH0303
C01704,HH0304
C01705,HH0305
C01706,HH0306
C01707,HH0307
C01708,HH0308
C01709,HH0309
C01710,HH0310
C01711,HH0311
C01712,HH0312
C01713,HH0313
C01714,HH0314
C01715,HH0315
C01716,HH0316
C01717,HH0317
C01718,HH0318
C01719,HH0319
C01720,HH0320
C01721,HH0321
C01722,HH0322
C01723,HH0323
C01724,HH0324
C01725,HH0325
C01726,HH0326
C01727,HH0327
C01728,HH0328
C01729,HH0329
C01730,HH0330
C01731,HH0331
C01732,HH0332
C01733,HH0333
C01734,HH0334
C01735,HH0335
C01736,HH0336
C01737,HH0337
C01738,HH0338
C01739,HH0339
C01740,HH0340
C01741,HH0341
C01742,HH0342
C01743,HH0343
C01744,HH0344
C01745,HH0345
C01746,HH0346
C01747,HH0347
C01748,HH0348
C01749,HH0349
C01750,HH0350
C01751,HH0351
C01752,HH0352
C01753,HH0353
C01754,HH0354
C01755,HH0355
C01756,HH0356
C01757,HH0357
C01758,HH0358
C01759,HH0359
C01760,HH0360
C01761,HH0361
C01762,HH0362
C01763,HH0363
C01764,HH0364
C01765,HH0365
C01766,HH0366
C01767,HH0367
C01768,HH0368
C01769,HH0369
C01770,HH0370
C01771,HH0371
C01772,HH0372
C01773,HH0373
C01774,HH0374
C01775,HH0375
C01776,HH0376
C01777,HH0377
C01778,HH0378
C01779,HH0379
C01780,HH0380
C01781,HH0381
C01782,HH0382
C01783,HH0383
C01784,HH0384
C01785,HH0385
C01786,HH0386
C01787,HH0387
C01788,HH0388
C01789,HH0389
C01790,HH0390
C01791,HH0391
C01792,HH0392
C01793,HH0393
C01794,HH0394
C01795,HH0395
C01796,HH0396
C01797,HH0397
C01798,HH0398
C01799,HH0399
C01800,HH0400
C01801,HH0401
C01802,HH0402
C01803,HH0403
C01804,HH0404
C01805,HH0405
C01806,HH0406
C01807,HH0407
C01808,HH0408
C01809,HH0409
C01810,HH0410
C01811,HH0411
C01812,HH0412
C01813,HH0413
C01814,HH0414
C01815,HH0415
C01816,HH0416
C01817,HH0417
C01818,HH0418
C01819,HH0419
C01820,HH0420
C01821,HH0421
C01822,HH0422
C01823,HH0423
C01824,HH0424
C01825,HH0425
C01826,HH0426
C01827,HH0427
C01828,HH0428
C01829,HH0429
C01830,HH0430
C01831,HH0431
C01832,HH0432
C01833,HH0433
C01834,HH0434
C01835,HH0435
C01836,HH0436
C01837,HH0437
C01838,HH0438
C01839,HH0439
C01840,HH0440
C01841,HH0441
C01842,HH0442
C01843,HH0443
C01844,HH0444
C01845,HH0445
C01846,HH0446
C01847,HH0447
C01848,HH0448
C01849,HH0449
C01850,HH0450
C01851,HH0451
C01852,HH0452
C01853,HH0453
C01854,HH0454
C01855,HH0455
C01856,HH0456
C01857,HH0457
C01858,HH0458
C01859,HH0459
C01860,HH0460
C01861,HH0461
C01862,HH0462
C01863,HH0463
C01864,HH0464
C01865,HH0465
C01866,HH0466
C01867,HH0467
C01868,HH0468
C01869,HH0469
C01870,HH0470
C01871,HH0471
C01872,HH0472
C01873,HH0473
C01874,HH0474
C01875,HH0475
C01876,HH0476
C01877,HH0477
C01878,HH0478
C01879,HH0479
C01880,HH0480
C01881,HH0481
C01882,HH0482
C01883,HH0483
C01884,HH0484
C01885,HH0485
C01886,HH0486
C01887,HH0487
C01888,HH0488
C01889,HH0489
C01890,HH0490
C01891,HH0491
C01892,HH0492
C01893,HH0493
C01894,HH0494
C01895,HH0495
C01896,HH0496
C01897,HH0497
C01898,HH0498
C01899,HH0499
C01900,HH0500
C01901,HH0501
C01902,HH0502
C01903,HH0503
C01904,HH0504
C01905,HH0505
C01906,HH0506
C01907,HH0507
C01908,HH0508
C01909,HH0509
C01910,HH0510
C01911,HH0511
C01912,HH0512
C01913,HH0513
C01914,HH0514
C01915,HH0515
C01916,HH0516
C01917,HH0517
C01918,HH0518
C01919,HH0519
C01920,HH0520
C01921,HH0521
C01922,HH0522
C01923,HH0523
C01924,HH0524
C01925,HH0525
C01926,HH0526
C01927,HH0527
C01928,HH0528
C01929,HH0529
C01930,HH0530
C01931,HH0531
C01932,HH0532
C01933,HH0533
C01934,HH0534
C01935,HH0535
C01936,HH0536
C01937,HH0537
C01938,HH0538
C01939,HH0539
C01940,HH0540
C01941,HH0541
C01942,HH0542
C01943,HH0543
C01944,HH0544
C01945,HH0545
C01946,HH0546
C01947,HH0547
C01948,HH0548
C01949,HH0549
C01950,HH0550
C01951,HH0551
C01952,HH0552
C01953,HH0553
C01954,HH0554
C01955,HH0555
C01956,HH0556
C01957,HH0557
C01958,HH0558
C01959,HH0559
C01960,HH0560
C01961,HH0561
C01962,HH0562
C01963,HH0563
C01964,HH0564
C01965,HH0565
C01966,HH0566
C01967,HH0567
C01968,HH0568
C01969,HH0569
C01970,HH0570
C01971,HH0571
C01972,HH0572
C01973,HH0573
C01974,HH0574
C01975,HH0575
C01976,HH0576
C01977,HH0577
C01978,HH0578
C01979,HH0579
C01980,HH0580
C01981,HH0581
C01982,HH0582
C01983,HH0583
C01984,HH0584
C01985,HH0585
C01986,HH0586
C01987,HH0587
C01988,HH0588
C01989,HH0589
C01990,HH0590
C01991,HH0591
C01992,HH0592
C01993,HH0593
C01994,HH0594
C01995,HH0595
C01996,HH0596
C01997,HH0597
C01998,HH0598
C01999,HH0599
C02000,HH0600
C02001,HH0601
C02002,HH0602
C02003,HH0603
C02004,HH0604
C02005,HH0605
C02006,HH0606
C02007,HH0607
C02008,HH0608
C02009,HH0609
C02010,HH0610
C02011,HH0611
C02012,HH0612
C02013,HH0613
C02014,HH0614
C02015,HH0615
C02016,HH0616
C02017,HH0617
C02018,HH0618
C02019,HH0619
C02020,HH0620
C02021,HH0621
C02022,HH0622
C02023,HH0623
C02024,HH0624
C02025,HH0625
C02026,HH0626
C02027,HH0627
C02028,HH0628
C02029,HH0629
C02030,HH0630
C02031,HH0631
C02032,HH0632
C02033,HH0633
C02034,HH0634
C02035,HH0635
C02036,HH0636
C02037,HH0637
C02038,HH0638
C02039,HH0639
C02040,HH0640
C02041,HH0641
C02042,HH0642
C02043,HH0643
C02044,HH0644
C02045,HH0645
C02046,HH0646
C02047,HH0647
C02048,HH0648
C02049,HH0649
C02050,HH0650
C02051,HH0651
C02052,HH0652
C02053,HH0653
C02054,HH0654
C02055,HH0655
C02056,HH0656
C02057,HH0657
C02058,HH0658
C02059,HH0659
C02060,HH0660
C02061,HH0661
C02062,HH0662
C02063,HH0663
C02064,HH0664
C02065,HH0665
C02066,HH0666
C02067,HH0667
C02068,HH0668
C02069,HH0669
C02070,HH0670
C02071,HH0671
C02072,HH0672
C02073,HH0673
C02074,HH0674
C02075,HH0675
C02076,HH0676
C02077,HH0677
C02078,HH0678
C02079,HH0679
C02080,HH0680
C02081,HH0681
C02082,HH0682
C02083,HH0683
C02084,HH0684
C02085,HH0685
C02086,HH0686
C02087,HH0687
C02088,HH0688
C02089,HH0689
C02090,HH0690
C02091,HH0691
C02092,HH0692
C02093,HH0693
C02094,HH0694
C02095,HH0695
C02096,HH0696
C02097,HH0697
C02098,HH0698
C02099,HH0699
C02100,HH0700
C02101,HH0701
C02102,HH0702
C02103,HH0703
C02104,HH0704
C02105,HH0705
C02106,HH0706
C02107,HH0707
C02108,HH0708
C02109,HH0709
C02110,HH0710
C02111,HH0711
C02112,HH0712
C02113,HH0713
C02114,HH0714
C02115,HH0715
C02116,HH0716
C02117,HH0717
C02118,HH0718
C02119,HH0719
C02120,HH0720
C02121,HH0721
C02122,HH0722
C02123,HH0723
C02124,HH0724
C02125,HH0725
C02126,HH0726
C02127,HH0727
C02128,HH0728
C02129,HH0729
C02130,HH0730
C02131,HH0731
C02132,HH0732
C02133,HH0733
C02134,HH0734
C02135,HH0735
C02136,HH0736
C02137,HH0737
C02138,HH0738
C02139,HH0739
C02140,HH0740
C02141,HH0741
C02142,HH0742
C02143,HH0743
C02144,HH0744
C02145,HH0745
C02146,HH0746
C02147,HH0747
C02148,HH0748
C02149,HH0749
C02150,HH0750
C02151,HH0751
C02152,HH0752
C02153,HH0753
C02154,HH0754
C02155,HH0755
C02156,HH0756
C02157,HH0757
C02158,HH0758
C02159,HH0759
C02160,HH0760
C02161,HH0761
C02162,HH0762
C02163,HH0763
C02164,HH0764
C02165,HH0765
C02166,HH0766
C02167,HH0767
C02168,HH0768
C02169,HH0769
C02170,HH0770
C02171,HH0771
C02172,HH0772
C02173,HH0773
C02174,HH0774
C02175,HH0775
C02176,HH0776
C02177,HH0777
C02178,HH0778
C02179,HH0779
C02180,HH0780
C02181,HH0781
C02182,HH0782
C02183,HH0783
C02184,HH0784
C02185,HH0785
C02186,HH0786
C02187,HH0787
C02188,HH0788
C02189,HH0789
C02190,HH0790
C02191,HH0791
C02192,HH0792
C02193,HH0793
C02194,HH0794
C02195,HH0795
C02196,HH0796
C02197,HH0797
C02198,HH0798
C02199,HH0799
C02200,HH0800
C02201,HH0801
C02202,HH0802
C02203,HH0803
C02204,HH0804
C02205,HH0805
C02206,HH0806
C02207,HH0807
C02208,HH0808
C02209,HH0809
C02210,HH0810
C02211,HH0811
C02212,HH0812
C02213,HH0813
C02214,HH0814
C02215,HH0815
C02216,HH0816
C02217,HH0817
C02218,HH0818
C02219,HH0819
C02220,HH0820
C02221,HH0821
C02222,HH0822
C02223,HH0823
C02224,HH0824
C02225,HH0825
C02226,HH0826
C02227,HH0827
C02228,HH0828
C02229,HH0829
C02230,HH0830
C02231,HH0831
C02232,HH0832
C02233,HH0833
C02234,HH0834
C02235,HH0835
C02236,HH0836
C02237,HH0837
C02238,HH0838
C02239,HH0839
C02240,HH0840
C02241,HH0841
C02242,HH0842
C02243,HH0843
C02244,HH0844
C02245,HH0845
C02246,HH0846
C02247,HH0847
C02248,HH0848
C02249,HH0849
C02250,HH0850
C02251,HH0851
C02252,HH0852
C02253,HH0853
C02254,HH0854
C02255,HH0855
C02256,HH0856
C02257,HH0857
C02258,HH0858
C02259,HH0859
C02260,HH0860
C02261,HH0861
C02262,HH0862
C02263,HH0863
C02264,HH0864
C02265,HH0865
C02266,HH0866
C02267,HH0867
C02268,HH0868
C02269,HH0869
C02270,HH0870
C02271,HH0871
C02272,HH0872
C02273,HH0873
C02274,HH0874
C02275,HH0875
C02276,HH0876
C02277,HH0877
C02278,HH0878
C02279,HH0879
C02280,HH0880
C02281,HH0881
C02282,HH0882
C02283,HH0883
C02284,HH0884
C02285,HH0885
C02286,HH0886
C02287,HH0887
C02288,HH0888
C02289,HH0889
C02290,HH0890
C02291,HH0891
C02292,HH0892
C02293,HH0893
C02294,HH0894
C02295,HH0895
C02296,HH0896
C02297,HH0897
C02298,HH0898
C02299,HH0899
C02300,HH0900
C02301,HH0901
C02302,HH0902
C02303,HH0903
C02304,HH0904
C02305,HH0905
C02306,HH0906
C02307,HH0907
C02308,HH0908
C02309,HH0909
C02310,HH0910
C02311,HH0911
C02312,HH0912
C02313,HH0913
C02314,HH0914
C02315,HH0915
C02316,HH0916
C02317,HH0917
C02318,HH0918
C02319,HH0919
C02320,HH0920
C02321,HH0921
C02322,HH0922
C02323,HH0923
C02324,HH0924
C02325,HH0925
C02326,HH0926
C02327,HH0927
C02328,HH0928
C02329,HH0929
C02330,HH0930
C02331,HH0931
C02332,HH0932
C02333,HH0933
C02334,HH0934
C02335,HH0935
C02336,HH0936
C02337,HH0937
C02338,HH0938
C02339,HH0939
C02340,HH0940
C02341,HH0941
C02342,HH0942
C02343,HH0943
C02344,HH0944
C02345,HH0945
C02346,HH0946
C02347,HH0947
C02348,HH0948
C02349,HH0949
C02350,HH0950
C02351,HH0951
C02352,HH0952
C02353,HH0953
C02354,HH0954
C02355,HH0955
C02356,HH0956
C02357,HH0957
C02358,HH0958
C02359,HH0959
C02360,HH0960
C02361,HH0961
C02362,HH0962
C02363,HH0963
C02364,HH0964
C02365,HH0965
C02366,HH0966
C02367,HH0967
C02368,HH0968
C02369,HH0969
C02370,HH0970
C02371,HH0971
C02372,HH0972
C02373,HH0973
C02374,HH0974
C02375,HH0975
C02376,HH0976
C02377,HH0977
C02378,HH0978
C02379,HH0979
C02380,HH0980
C02381,HH0981
C02382,HH0982
C02383,HH0983
C02384,HH0984
C02385,HH0985
C02386,HH0986
C02387,HH0987
C02388,HH0988
C02389,HH0989
C02390,HH0990
C02391,HH0991
C02392,HH0992
C02393,HH0993
C02394,HH0994
C02395,HH0995
C02396,HH0996
C02397,HH0997
C02398,HH0998
C02399,HH0999
C02400,HH1000
C02401,HH1001
C02402,HH1002
C02403,HH1003
C02404,HH1004
C02405,HH1005
C02406,HH1006
C02407,HH1007
C02408,HH1008
C02409,HH1009
C02410,HH1010
C02411,HH1011
C02412,HH1012
C02413,HH1013
C02414,HH1014
C02415,HH1015
C02416,HH1016
C02417,HH1017
C02418,HH1018
C02419,HH1019
C02420,HH1020
C02421,HH1021
C02422,HH1022
C02423,HH1023
C02424,HH1024
C02425,HH1025
C02426,HH1026
C02427,HH1027
C02428,HH1028
C02429,HH1029
C02430,HH1030
C02431,HH1031
C02432,HH1032
C02433,HH1033
C02434,HH1034
C02435,HH1035
C02436,HH1036
C02437,HH1037
C02438,HH1038
C02439,HH1039
C02440,HH1040
C02441,HH1041
C02442,HH1042
C02443,HH1043
C02444,HH1044
C02445,HH1045
C02446,HH1046
C02447,HH1047
C02448,HH1048
C02449,HH1049
C02450,HH1050
C02451,HH1051
C02452,HH1052
C02453,HH1053
C02454,HH1054
C02455,HH1055
C02456,HH1056
C02457,HH1057
C02458,HH1058
C02459,HH1059
C02460,HH1060
C02461,HH1061
C02462,HH1062
C02463,HH1063
C02464,HH1064
C02465,HH1065
C02466,HH1066
C02467,HH1067
C02468,HH1068
C02469,HH1069
C02470,HH1070
C02471,HH1071
C02472,HH1072
C02473,HH1073
C02474,HH1074
C02475,HH1075
C02476,HH1076
C02477,HH1077
C02478,HH1078
C02479,HH1079
C02480,HH1080
C02481,HH1081
C02482,HH1082
C02483,HH1083
C02484,HH1084
C02485,HH1085
C02486,HH1086
C02487,HH1087
C02488,HH1088
C02489,HH1089
C02490,HH1090
C02491,HH1091
C02492,HH1092
C02493,HH1093
C02494,HH1094
C02495,HH1095
C02496,HH1096
C02497,HH1097
C02498,HH1098
C02499,HH1099
C02500,HH1100
C02501,HH1101
C02502,HH1102
C02503,HH1103
C02504,HH1104
C02505,HH1105
C02506,HH1106
C02507,HH1107
C02508,HH1108
C02509,HH1109
C02510,HH1110
C02511,HH1111
C02512,HH1112
C02513,HH1113
C02514,HH1114
C02515,HH1115
C02516,HH1116
C02517,HH1117
C02518,HH1118
C02519,HH1119
C02520,HH1120
C02521,HH1121
C02522,HH1122
C02523,HH1123
C02524,HH1124
C02525,HH1125
C02526,HH1126
C02527,HH1127
C02528,HH1128
C02529,HH1129
C02530,HH1130
C02531,HH1131
C02532,HH1132
C02533,HH1133
C02534,HH1134
C02535,HH1135
C02536,HH1136
C02537,HH1137
C02538,HH1138
C02539,HH1139
C02540,HH1140
C02541,HH1141
C02542,HH1142
C02543,HH1143
C02544,HH1144
C02545,HH1145
C02546,HH1146
C02547,HH1147
C02548,HH1148
C02549,HH1149
C02550,HH1150
C02551,HH1151
C02552,HH1152
C02553,HH1153
C02554,HH1154
C02555,HH1155
C02556,HH1156
C02557,HH1157
C02558,HH1158
C02559,HH1159
C02560,HH1160
C02561,HH1161
C02562,HH1162
C02563,HH1163
C02564,HH1164
C02565,HH1165
C02566,HH1166
C02567,HH1167
C02568,HH1168
C02569,HH1169
C02570,HH1170
C02571,HH1171
C02572,HH1172
C02573,HH1173
C02574,HH1174
C02575,HH1175
C02576,HH1176
C02577,HH1177
C02578,HH1178
C02579,HH1179
C02580,HH1180
C02581,HH1181
C02582,HH1182
C02583,HH1183
C02584,HH1184
C02585,HH1185
C02586,HH1186
C02587,HH1187
C02588,HH1188
C02589,HH1189
C02590,HH1190
C02591,HH1191
C02592,HH1192
C02593,HH1193
C02594,HH1194
C02595,HH1195
C02596,HH1196
C02597,HH1197
C02598,HH1198
C02599,HH1199
C02600,HH1200
C02601,HH1201
C02602,HH1202
C02603,HH1203
C02604,HH1204
C02605,HH1205
C02606,HH1206
C02607,HH1207
C02608,HH1208
C02609,HH1209
C02610,HH1210
C02611,HH1211
C02612,HH1212
C02613,HH1213
C02614,HH1214
C02615,HH1215
C02616,HH1216
C02617,HH1217
C02618,HH1218
C02619,HH1219
C02620,HH1220
C02621,HH1221
C02622,HH1222
C02623,HH1223
C02624,HH1224
C02625,HH1225
C02626,HH1226
C02627,HH1227
C02628,HH1228
C02629,HH1229
C02630,HH1230
C02631,HH1231
C02632,HH1232
C02633,HH1233
C02634,HH1234
C02635,HH1235
C02636,HH1236
C02637,HH1237
C02638,HH1238
C02639,HH1239
C02640,HH1240
C02641,HH1241
C02642,HH1242
C02643,HH1243
C02644,HH1244
C02645,HH1245
C02646,HH1246
C02647,HH1247
C02648,HH1248
C02649,HH1249
C02650,HH1250
C02651,HH1251
C02652,HH1252
C02653,HH1253
C02654,HH1254
C02655,HH1255
C02656,HH1256
C02657,HH1257
C02658,HH1258
C02659,HH1259
C02660,HH1260
C02661,HH1261
C02662,HH1262
C02663,HH1263
C02664,HH1264
C02665,HH1265
C02666,HH1266
C02667,HH1267
C02668,HH1268
C02669,HH1269
C02670,HH1270
C02671,HH1271
C02672,HH1272
C02673,HH1273
C02674,HH1274
C02675,HH1275
C02676,HH1276
C02677,HH1277
C02678,HH1278
C02679,HH1279
C02680,HH1280
C02681,HH1281
C02682,HH1282
C02683,HH1283
C02684,HH1284
C02685,HH1285
C02686,HH1286
C02687,HH1287
C02688,HH1288
C02689,HH1289
C02690,HH1290
C02691,HH1291
C02692,HH1292
C02693,HH1293
C02694,HH1294
C02695,HH1295
C02696,HH1296
C02697,HH1297
C02698,HH1298
C02699,HH1299
C02700,HH1300
C02701,HH1301
C02702,HH1302
C02703,HH1303
C02704,HH1304
C02705,HH1305
C02706,HH1306
C02707,HH1307
C02708,HH1308
C02709,HH1309
C02710,HH1310
C02711,HH1311
C02712,HH1312
C02713,HH1313
C02714,HH1314
C02715,HH1315
C02716,HH1316
C02717,HH1317
C02718,HH1318
C02719,HH1319
C02720,HH1320
C02721,HH1321
C02722,HH1322
C02723,HH1323
C02724,HH1324
C02725,HH1325
C02726,HH1326
C02727,HH1327
C02728,HH1328
C02729,HH1329
C02730,HH1330
C02731,HH1331
C02732,HH1332
C02733,HH1333
C02734,HH1334
C02735,HH1335
C02736,HH1336
C02737,HH1337
C02738,HH1338
C02739,HH1339
C02740,HH1340
C02741,HH1341
C02742,HH1342
C02743,HH1343
C02744,HH1344
C02745,HH1345
C02746,HH1346
C02747,HH1347
C02748,HH1348
C02749,HH1349
C02750,HH1350
C02751,HH1351
C02752,HH1352
C02753,HH1353
C02754,HH1354
C02755,HH1355
C02756,HH1356
C02757,HH1357
C02758,HH1358
C02759,HH1359
C02760,HH1360
C02761,HH1361
C02762,HH1362
C02763,HH1363
C02764,HH1364
C02765,HH1365
C02766,HH1366
C02767,HH1367
C02768,HH1368
C02769,HH1369
C02770,HH1370
C02771,HH1371
C02772,HH1372
C02773,HH1373
C02774,HH1374
C02775,HH1375
C02776,HH1376
C02777,HH1377
C02778,HH1378
C02779,HH1379
C02780,HH1380
C02781,HH1381
C02782,HH1382
C02783,HH1383
C02784,HH1384
C02785,HH1385
C02786,HH1386
C02787,HH1387
C02788,HH1388
C02789,HH1389
C02790,HH1390
C02791,HH1391
C02792,HH1392
C02793,HH1393
C02794,HH1394
C02795,HH1395
C02796,HH1396
C02797,HH1397
C02798,HH1398
C02799,HH1399
C02800,HH1400
C02801,HH0001
C02802,HH0002
C02803,HH0003
C02804,HH0004
C02805,HH0005
C02806,HH0006
C02807,HH0007
C02808,HH0008
C02809,HH0009
C02810,HH0010
C02811,HH0011
C02812,HH0012
C02813,HH0013
C02814,HH0014
C02815,HH0015
C02816,HH0016
C02817,HH0017
C02818,HH0018
C02819,HH0019
C02820,HH0020
C02821,HH0021
C02822,HH0022
C02823,HH0023
C02824,HH0024
C02825,HH0025
C02826,HH0026
C02827,HH0027
C02828,HH0028
C02829,HH0029
C02830,HH0030
C02831,HH0031
C02832,HH0032
C02833,HH0033
C02834,HH0034
C02835,HH0035
C02836,HH0036
C02837,HH0037
C02838,HH0038
C02839,HH0039
C02840,HH0040
C02841,HH0041
C02842,HH0042
C02843,HH0043
C02844,HH0044
C02845,HH0045
C02846,HH0046
C02847,HH0047
C02848,HH0048
C02849,HH0049
C02850,HH0050
C02851,HH0051
C02852,HH0052
C02853,HH0053
C02854,HH0054
C02855,HH0055
C02856,HH0056
C02857,HH0057
C02858,HH0058
C02859,HH0059
C02860,HH0060
C02861,HH0061
C02862,HH0062
C02863,HH0063
C02864,HH0064
C02865,HH0065
C02866,HH0066
C02867,HH0067
C02868,HH0068
C02869,HH0069
C02870,HH0070
C02871,HH0071
C02872,HH0072
C02873,HH0073
C02874,HH0074
C02875,HH0075
C02876,HH0076
C02877,HH0077
C02878,HH0078
C02879,HH0079
C02880,HH0080
C02881,HH0081
C02882,HH0082
C02883,HH0083
C02884,HH0084
C02885,HH0085
C02886,HH0086
C02887,HH0087
C02888,HH0088
C02889,HH0089
C02890,HH0090
C02891,HH0091
C02892,HH0092
C02893,HH0093
C02894,HH0094
C02895,HH0095
C02896,HH0096
C02897,HH0097
C02898,HH0098
C02899,HH0099
C02900,HH0100
C02901,HH0101
C02902,HH0102
C02903,HH0103
C02904,HH0104
C02905,HH0105
C02906,HH0106
C02907,HH0107
C02908,HH0108
C02909,HH0109
C02910,HH0110
C02911,HH0111
C02912,HH0112
C02913,HH0113
C02914,HH0114
C02915,HH0115
C02916,HH0116
C02917,HH0117
C02918,HH0118
C02919,HH0119
C02920,HH0120
C02921,HH0121
C02922,HH0122
C02923,HH0123
C02924,HH0124
C02925,HH0125
C02926,HH0126
C02927,HH0127
C02928,HH0128
C02929,HH0129
C02930,HH0130
C02931,HH0131
C02932,HH0132
C02933,HH0133
C02934,HH0134
C02935,HH0135
C02936,HH0136
C02937,HH0137
C02938,HH0138
C02939,HH0139
C02940,HH0140
C02941,HH0141
C02942,HH0142
C02943,HH0143
C02944,HH0144
C02945,HH0145
C02946,HH0146
C02947,HH0147
C02948,HH0148
C02949,HH0149
C02950,HH0150
C02951,HH0151
C02952,HH0152
C02953,HH0153
C02954,HH0154
C02955,HH0155
C02956,HH0156
C02957,HH0157
C02958,HH0158
C02959,HH0159
C02960,HH0160
C02961,HH0161
C02962,HH0162
C02963,HH0163
C02964,HH0164
C02965,HH0165
C02966,HH0166
C02967,HH0167
C02968,HH0168
C02969,HH0169
C02970,HH0170
C02971,HH0171
C02972,HH0172
C02973,HH0173
C02974,HH0174
C02975,HH0175
C02976,HH0176
C02977,HH0177
C02978,HH0178
C02979,HH0179
C02980,HH0180
C02981,HH0181
C02982,HH0182
C02983,HH0183
C02984,HH0184
C02985,HH0185
C02986,HH0186
C02987,HH0187
C02988,HH0188
C02989,HH0189
C02990,HH0190
C02991,HH0191
C02992,HH0192
C02993,HH0193
C02994,HH0194
C02995,HH0195
C02996,HH0196
C02997,HH0197
C02998,HH0198
C02999,HH0199
C03000,HH0200
C03001,HH0201
C03002,HH0202
C03003,HH0203
C03004,HH0204
C03005,HH0205
C03006,HH0206
C03007,HH0207
C03008,HH0208
C03009,HH0209
C03010,HH0210
C03011,HH0211
C03012,HH0212
C03013,HH0213
C03014,HH0214
C03015,HH0215
C03016,HH0216
C03017,HH0217
C03018,HH0218
C03019,HH0219
C03020,HH0220
C03021,HH0221
C03022,HH0222
C03023,HH0223
C03024,HH0224
C03025,HH0225
C03026,HH0226
C03027,HH0227
C03028,HH0228
C03029,HH0229
C03030,HH0230
C03031,HH0231
C03032,HH0232
C03033,HH0233
C03034,HH0234
C03035,HH0235
C03036,HH0236
C03037,HH0237
C03038,HH0238
C03039,HH0239
C03040,HH0240
C03041,HH0241
C03042,HH0242
C03043,HH0243
C03044,HH0244
C03045,HH0245
C03046,HH0246
C03047,HH0247
C03048,HH0248
C03049,HH0249
C03050,HH0250
C03051,HH0251
C03052,HH0252
C03053,HH0253
C03054,HH0254
C03055,HH0255
C03056,HH0256
C03057,HH0257
C03058,HH0258
C03059,HH0259
C03060,HH0260
C03061,HH0261
C03062,HH0262
C03063,HH0263
C03064,HH0264
C03065,HH0265
C03066,HH0266
C03067,HH0267
C03068,HH0268
C03069,HH0269
C03070,HH0270
C03071,HH0271
C03072,HH0272
C03073,HH0273
C03074,HH0274
C03075,HH0275
C03076,HH0276
C03077,HH0277
C03078,HH0278
C03079,HH0279
C03080,HH0280
C03081,HH0281
C03082,HH0282
C03083,HH0283
C03084,HH0284
C03085,HH0285
C03086,HH0286
C03087,HH0287
C03088,HH0288
C03089,HH0289
C03090,HH0290
C03091,HH0291
C03092,HH0292
C03093,HH0293
C03094,HH0294
C03095,HH0295
C03096,HH0296
C03097,HH0297
C03098,HH0298
C03099,HH0299
C03100,HH0300
C03101,HH0301
C03102,HH0302
C03103,HH0303
C03104,HH0304
C03105,HH0305
C03106,HH0306
C03107,HH0307
C03108,HH0308
C03109,HH0309
C03110,HH0310
C03111,HH0311
C03112,HH0312
C03113,HH0313
C03114,HH0314
C03115,HH0315
C03116,HH0316
C03117,HH0317
C03118,HH0318
C03119,HH0319
C03120,HH0320
C03121,HH0321
C03122,HH0322
C03123,HH0323
C03124,HH0324
C03125,HH0325
C03126,HH0326
C03127,HH0327
C03128,HH0328
C03129,HH0329
C03130,HH0330
C03131,HH0331
C03132,HH0332
C03133,HH0333
C03134,HH0334
C03135,HH0335
C03136,HH0336
C03137,HH0337
C03138,HH0338
C03139,HH0339
C03140,HH0340
C03141,HH0341
C03142,HH0342
C03143,HH0343
C03144,HH0344
C03145,HH0345
C03146,HH0346
C03147,HH0347
C03148,HH0348
C03149,HH0349
C03150,HH0350
C03151,HH0351
C03152,HH0352
C03153,HH0353
C03154,HH0354
C03155,HH0355
C03156,HH0356
C03157,HH0357
C03158,HH0358
C03159,HH0359
C03160,HH0360
C03161,HH0361
C03162,HH0362
C03163,HH0363
C03164,HH0364
C03165,HH0365
C03166,HH0366
C03167,HH0367
C03168,HH0368
C03169,HH0369
C03170,HH0370
C03171,HH0371
C03172,HH0372
C03173,HH0373
C03174,HH0374
C03175,HH0375
C03176,HH0376
C03177,HH0377
C03178,HH0378
C03179,HH0379
C03180,HH0380
C03181,HH0381
C03182,HH0382
C03183,HH0383
C03184,HH0384
C03185,HH0385
C03186,HH0386
C03187,HH0387
C03188,HH0388
C03189,HH0389
C03190,HH0390
C03191,HH0391
C03192,HH0392
C03193,HH0393
C03194,HH0394
C03195,HH0395
C03196,HH0396
C03197,HH0397
C03198,HH0398
C03199,HH0399
C03200,HH0400
C03201,HH0401
C03202,HH0402
C03203,HH0403
C03204,HH0404
C03205,HH0405
C03206,HH0406
C03207,HH0407
C03208,HH0408
C03209,HH0409
C03210,HH0410
C03211,HH0411
C03212,HH0412
C03213,HH0413
C03214,HH0414
C03215,HH0415
C03216,HH0416
C03217,HH0417
C03218,HH0418
C03219,HH0419
C03220,HH0420
C03221,HH0421
C03222,HH0422
C03223,HH0423
C03224,HH0424
C03225,HH0425
C03226,HH0426
C03227,HH0427
C03228,HH0428
C03229,HH0429
C03230,HH0430
C03231,HH0431
C03232,HH0432
C03233,HH0433
C03234,HH0434
C03235,HH0435
C03236,HH0436
C03237,HH0437
C03238,HH0438
C03239,HH0439
C03240,HH0440
C03241,HH0441
C03242,HH0442
C03243,HH0443
C03244,HH0444
C03245,HH0445
C03246,HH0446
C03247,HH0447
C03248,HH0448
C03249,HH0449
C03250,HH0450
C03251,HH0451
C03252,HH0452
C03253,HH0453
C03254,HH0454
C03255,HH0455
C03256,HH0456
C03257,HH0457
C03258,HH0458
C03259,HH0459
C03260,HH0460
C03261,HH0461
C03262,HH0462
C03263,HH0463
C03264,HH0464
C03265,HH0465
C03266,HH0466
C03267,HH0467
C03268,HH0468
C03269,HH0469
C03270,HH0470
C03271,HH0471
C03272,HH0472
C03273,HH0473
C03274,HH0474
C03275,HH0475
C03276,HH0476
C03277,HH0477
C03278,HH0478
C03279,HH0479
C03280,HH0480
C03281,HH0481
C03282,HH0482
C03283,HH0483
C03284,HH0484
C03285,HH0485
C03286,HH0486
C03287,HH0487
C03288,HH0488
C03289,HH0489
C03290,HH0490
C03291,HH0491
C03292,HH0492
C03293,HH0493
C03294,HH0494
C03295,HH0495
C03296,HH0496
C03297,HH0497
C03298,HH0498
C03299,HH0499
C03300,HH0500
C03301,HH0501
C03302,HH0502
C03303,HH0503
C03304,HH0504
C03305,HH0505
C03306,HH0506
C03307,HH0507
C03308,HH0508
C03309,HH0509
C03310,HH0510
C03311,HH0511
C03312,HH0512
C03313,HH0513
C03314,HH0514
C03315,HH0515
C03316,HH0516
C03317,HH0517
C03318,HH0518
C03319,HH0519
C03320,HH0520
C03321,HH0521
C03322,HH0522
C03323,HH0523
C03324,HH0524
C03325,HH0525
C03326,HH0526
C03327,HH0527
C03328,HH0528
C03329,HH0529
C03330,HH0530
C03331,HH0531
C03332,HH0532
C03333,HH0533
C03334,HH0534
C03335,HH0535
C03336,HH0536
C03337,HH0537
C03338,HH0538
C03339,HH0539
C03340,HH0540
C03341,HH0541
C03342,HH0542
C03343,HH0543
C03344,HH0544
C03345,HH0545
C03346,HH0546
C03347,HH0547
C03348,HH0548
C03349,HH0549
C03350,HH0550
C03351,HH0551
C03352,HH0552
C03353,HH0553
C03354,HH0554
C03355,HH0555
C03356,HH0556
C03357,HH0557
C03358,HH0558
C03359,HH0559
C03360,HH0560
C03361,HH0561
C03362,HH0562
C03363,HH0563
C03364,HH0564
C03365,HH0565
C03366,HH0566
C03367,HH0567
C03368,HH0568
C03369,HH0569
C03370,HH0570
C03371,HH0571
C03372,HH0572
C03373,HH0573
C03374,HH0574
C03375,HH0575
C03376,HH0576
C03377,HH0577
C03378,HH0578
C03379,HH0579
C03380,HH0580
C03381,HH0581
C03382,HH0582
C03383,HH0583
C03384,HH0584
C03385,HH0585
C03386,HH0586
C03387,HH0587
C03388,HH0588
C03389,HH0589
C03390,HH0590
C03391,HH0591
C03392,HH0592
C03393,HH0593
C03394,HH0594
C03395,HH0595
C03396,HH0596
C03397,HH0597
C03398,HH0598
C03399,HH0599
C03400,HH0600
C03401,HH0601
C03402,HH0602
C03403,HH0603
C03404,HH0604
C03405,HH0605
C03406,HH0606
C03407,HH0607
C03408,HH0608
C03409,HH0609
C03410,HH0610
C03411,HH0611
C03412,HH0612
C03413,HH0613
C03414,HH0614
C03415,HH0615
C03416,HH0616
C03417,HH0617
C03418,HH0618
C03419,HH0619
C03420,HH0620
C03421,HH0621
C03422,HH0622
C03423,HH0623
C03424,HH0624
C03425,HH0625
C03426,HH0626
C03427,HH0627
C03428,HH0628
C03429,HH0629
C03430,HH0630
C03431,HH0631
C03432,HH0632
C03433,HH0633
C03434,HH0634
C03435,HH0635
C03436,HH0636
C03437,HH0637
C03438,HH0638
C03439,HH0639
C03440,HH0640
C03441,HH0641
C03442,HH0642
C03443,HH0643
C03444,HH0644
C03445,HH0645
C03446,HH0646
C03447,HH0647
C03448,HH0648
C03449,HH0649
C03450,HH0650
C03451,HH0651
C03452,HH0652
C03453,HH0653
C03454,HH0654
C03455,HH0655
C03456,HH0656
C03457,HH0657
C03458,HH0658
C03459,HH0659
C03460,HH0660
C03461,HH0661
C03462,HH0662
C03463,HH0663
C03464,HH0664
C03465,HH0665
C03466,HH0666
C03467,HH0667
C03468,HH0668
C03469,HH0669
C03470,HH0670
C03471,HH0671
C03472,HH0672
C03473,HH0673
C03474,HH0674
C03475,HH0675
C03476,HH0676
C03477,HH0677
C03478,HH0678
C03479,HH0679
C03480,HH0680
C03481,HH0681
C03482,HH0682
C03483,HH0683
C03484,HH0684
C03485,HH0685
C03486,HH0686
C03487,HH0687
C03488,HH0688
C03489,HH0689
C03490,HH0690
C03491,HH0691
C03492,HH0692
C03493,HH0693
C03494,HH0694
C03495,HH0695
C03496,HH0696
C03497,HH0697
C03498,HH0698
C03499,HH0699
C03500,HH0700
C03501,HH0701
C03502,HH0702
C03503,HH0703
C03504,HH0704
C03505,HH0705
C03506,HH0706
C03507,HH0707
C03508,HH0708
C03509,HH0709
C03510,HH0710
C03511,HH0711
C03512,HH0712
C03513,HH0713
C03514,HH0714
C03515,HH0715
C03516,HH0716
C03517,HH0717
C03518,HH0718
C03519,HH0719
C03520,HH0720
C03521,HH0721
C03522,HH0722
C03523,HH0723
C03524,HH0724
C03525,HH0725
C03526,HH0726
C03527,HH0727
C03528,HH0728
C03529,HH0729
C03530,HH0730
C03531,HH0731
C03532,HH0732
C03533,HH0733
C03534,HH0734
C03535,HH0735
C03536,HH0736
C03537,HH0737
C03538,HH0738
C03539,HH0739
C03540,HH0740
C03541,HH0741
C03542,HH0742
C03543,HH0743
C03544,HH0744
C03545,HH0745
C03546,HH0746
C03547,HH0747
C03548,HH0748
C03549,HH0749
C03550,HH0750
C03551,HH0751
C03552,HH0752
C03553,HH0753
C03554,HH0754
C03555,HH0755
C03556,HH0756
C03557,HH0757
C03558,HH0758
C03559,HH0759
C03560,HH0760
C03561,HH0761
C03562,HH0762
C03563,HH0763
C03564,HH0764
C03565,HH0765
C03566,HH0766
C03567,HH0767
C03568,HH0768
C03569,HH0769
C03570,HH0770
C03571,HH0771
C03572,HH0772
C03573,HH0773
C03574,HH0774
C03575,HH0775
C03576,HH0776
C03577,HH0777
C03578,HH0778
C03579,HH0779
C03580,HH0780
C03581,HH0781
C03582,HH0782
C03583,HH0783
C03584,HH0784
C03585,HH0785
C03586,HH0786
C03587,HH0787
C03588,HH0788
C03589,HH0789
C03590,HH0790
C03591,HH0791
C03592,HH0792
C03593,HH0793
C03594,HH0794
C03595,HH0795
C03596,HH0796
C03597,HH0797
C03598,HH0798
C03599,HH0799
C03600,HH0800
C03601,HH0801
C03602,HH0802
C03603,HH0803
C03604,HH0804
C03605,HH0805
C03606,HH0806
C03607,HH0807
C03608,HH0808
C03609,HH0809
C03610,HH0810
C03611,HH0811
C03612,HH0812
C03613,HH0813
C03614,HH0814
C03615,HH0815
C03616,HH0816
C03617,HH0817
C03618,HH0818
C03619,HH0819
C03620,HH0820
C03621,HH0821
C03622,HH0822
C03623,HH0823
C03624,HH0824
C03625,HH0825
C03626,HH0826
C03627,HH0827
C03628,HH0828
C03629,HH0829
C03630,HH0830
C03631,HH0831
C03632,HH0832
C03633,HH0833
C03634,HH0834
C03635,HH0835
C03636,HH0836
C03637,HH0837
C03638,HH0838
C03639,HH0839
C03640,HH0840
C03641,HH0841
C03642,HH0842
C03643,HH0843
C03644,HH0844
C03645,HH0845
C03646,HH0846
C03647,HH0847
C03648,HH0848
C03649,HH0849
C03650,HH0850
C03651,HH0851
C03652,HH0852
C03653,HH0853
C03654,HH0854
C03655,HH0855
C03656,HH0856
C03657,HH0857
C03658,HH0858
C03659,HH0859
C03660,HH0860
C03661,HH0861
C03662,HH0862
C03663,HH0863
C03664,HH0864
C03665,HH0865
C03666,HH0866
C03667,HH0867
C03668,HH0868
C03669,HH0869
C03670,HH0870
C03671,HH0871
C03672,HH0872
C03673,HH0873
C03674,HH0874
C03675,HH0875
C03676,HH0876
C03677,HH0877
C03678,HH0878
C03679,HH0879
C03680,HH0880
C03681,HH0881
C03682,HH0882
C03683,HH0883
C03684,HH0884
C03685,HH0885
C03686,HH0886
C03687,HH0887
C03688,HH0888
C03689,HH0889
C03690,HH0890
C03691,HH0891
C03692,HH0892
C03693,HH0893
C03694,HH0894
C03695,HH0895
C03696,HH0896
C03697,HH0897
C03698,HH0898
C03699,HH0899
C03700,HH0900
C03701,HH0901
C03702,HH0902
C03703,HH0903
C03704,HH0904
C03705,HH0905
C03706,HH0906
C03707,HH0907
C03708,HH0908
C03709,HH0909
C03710,HH0910
C03711,HH0911
C03712,HH0912
C03713,HH0913
C03714,HH0914
C03715,HH0915
C03716,HH0916
C03717,HH0917
C03718,HH0918
C03719,HH0919
C03720,HH0920
C03721,HH0921
C03722,HH0922
C03723,HH0923
C03724,HH0924
C03725,HH0925
C03726,HH0926
C03727,HH0927
C03728,HH0928
C03729,HH0929
C03730,HH0930
C03731,HH0931
C03732,HH0932
C03733,HH0933
C03734,HH0934
C03735,HH0935
C03736,HH0936
C03737,HH0937
C03738,HH0938
C03739,HH0939
C03740,HH0940
C03741,HH0941
C03742,HH0942
C03743,HH0943
C03744,HH0944
C03745,HH0945
C03746,HH0946
C03747,HH0947
C03748,HH0948
C03749,HH0949
C03750,HH0950
C03751,HH0951
C03752,HH0952
C03753,HH0953
C03754,HH0954
C03755,HH0955
C03756,HH0956
C03757,HH0957
C03758,HH0958
C03759,HH0959
C03760,HH0960
C03761,HH0961
C03762,HH0962
C03763,HH0963
C03764,HH0964
C03765,HH0965
C03766,HH0966
C03767,HH0967
C03768,HH0968
C03769,HH0969
C03770,HH0970
C03771,HH0971
C03772,HH0972
C03773,HH0973
C03774,HH0974
C03775,HH0975
C03776,HH0976
C03777,HH0977
C03778,HH0978
C03779,HH0979
C03780,HH0980
C03781,HH0981
C03782,HH0982
C03783,HH0983
C03784,HH0984
C03785,HH0985
C03786,HH0986
C03787,HH0987
C03788,HH0988
C03789,HH0989
C03790,HH0990
C03791,HH0991
C03792,HH0992
C03793,HH0993
C03794,HH0994
C03795,HH0995
C03796,HH0996
C03797,HH0997
C03798,HH0998
C03799,HH0999
C03800,HH1000
C03801,HH1001
C03802,HH1002
C03803,HH1003
C03804,HH1004
C03805,HH1005
C03806,HH1006
C03807,HH1007
C03808,HH1008
C03809,HH1009
C03810,HH1010
C03811,HH1011
C03812,HH1012
C03813,HH1013
C03814,HH1014
C03815,HH1015
C03816,HH1016
C03817,HH1017
C03818,HH1018
C03819,HH1019
C03820,HH1020
C03821,HH1021
C03822,HH1022
C03823,HH1023
C03824,HH1024
C03825,HH1025
C03826,HH1026
C03827,HH1027
C03828,HH1028
C03829,HH1029
C03830,HH1030
C03831,HH1031
C03832,HH1032
C03833,HH1033
C03834,HH1034
C03835,HH1035
C03836,HH1036
C03837,HH1037
C03838,HH1038
C03839,HH1039
C03840,HH1040
C03841,HH1041
C03842,HH1042
C03843,HH1043
C03844,HH1044
C03845,HH1045
C03846,HH1046
C03847,HH1047
C03848,HH1048
C03849,HH1049
C03850,HH1050
C03851,HH1051
C03852,HH1052
C03853,HH1053
C03854,HH1054
C03855,HH1055
C03856,HH1056
C03857,HH1057
C03858,HH1058
C03859,HH1059
C03860,HH1060
C03861,HH1061
C03862,HH1062
C03863,HH1063
C03864,HH1064
C03865,HH1065
C03866,HH1066
C03867,HH1067
C03868,HH1068
C03869,HH1069
C03870,HH1070
C03871,HH1071
C03872,HH1072
C03873,HH1073
C03874,HH1074
C03875,HH1075
C03876,HH1076
C03877,HH1077
C03878,HH1078
C03879,HH1079
C03880,HH1080
C03881,HH1081
C03882,HH1082
C03883,HH1083
C03884,HH1084
C03885,HH1085
C03886,HH1086
C03887,HH1087
C03888,HH1088
C03889,HH1089
C03890,HH1090
C03891,HH1091
C03892,HH1092
C03893,HH1093
C03894,HH1094
C03895,HH1095
C03896,HH1096
C03897,HH1097
C03898,HH1098
C03899,HH1099
C03900,HH1100
C03901,HH1101
C03902,HH1102
C03903,HH1103
C03904,HH1104
C03905,HH1105
C03906,HH1106
C03907,HH1107
C03908,HH1108
C03909,HH1109
C03910,HH1110
C03911,HH1111
C03912,HH1112
C03913,HH1113
C03914,HH1114
C03915,HH1115
C03916,HH1116
C03917,HH1117
C03918,HH1118
C03919,HH1119
C03920,HH1120
C03921,HH1121
C03922,HH1122
C03923,HH1123
C03924,HH1124
C03925,HH1125
C03926,HH1126
C03927,HH1127
C03928,HH1128
C03929,HH1129
C03930,HH1130
C03931,HH1131
C03932,HH1132
C03933,HH1133
C03934,HH1134
C03935,HH1135
C03936,HH1136
C03937,HH1137
C03938,HH1138
C03939,HH1139
C03940,HH1140
C03941,HH1141
C03942,HH1142
C03943,HH1143
C03944,HH1144
C03945,HH1145
C03946,HH1146
C03947,HH1147
C03948,HH1148
C03949,HH1149
C03950,HH1150
C03951,HH1151
C03952,HH1152
C03953,HH1153
C03954,HH1154
C03955,HH1155
C03956,HH1156
C03957,HH1157
C03958,HH1158
C03959,HH1159
C03960,HH1160
C03961,HH1161
C03962,HH1162
C03963,HH1163
C03964,HH1164
C03965,HH1165
C03966,HH1166
C03967,HH1167
C03968,HH1168
C03969,HH1169
C03970,HH1170
C03971,HH1171
C03972,HH1172
C03973,HH1173
C03974,HH1174
C03975,HH1175
C03976,HH1176
C03977,HH1177
C03978,HH1178
C03979,HH1179
C03980,HH1180
C03981,HH1181
C03982,HH1182
C03983,HH1183
C03984,HH1184
C03985,HH1185
C03986,HH1186
C03987,HH1187
C03988,HH1188
C03989,HH1189
C03990,HH1190
C03991,HH1191
C03992,HH1192
C03993,HH1193
C03994,HH1194
C03995,HH1195
C03996,HH1196
C03997,HH1197
C03998,HH1198
C03999,HH1199
C04000,HH1200
C04001,HH1201
C04002,HH1202
C04003,HH1203
C04004,HH1204
C04005,HH1205
C04006,HH1206
C04007,HH1207
C04008,HH1208
C04009,HH1209
C04010,HH1210
C04011,HH1211
C04012,HH1212
C04013,HH1213
C04014,HH1214
C04015,HH1215
C04016,HH1216
C04017,HH1217
C04018,HH1218
C04019,HH1219
C04020,HH1220
C04021,HH1221
C04022,HH1222
C04023,HH1223
C04024,HH1224
C04025,HH1225
C04026,HH1226
C04027,HH1227
C04028,HH1228
C04029,HH1229
C04030,HH1230
C04031,HH1231
C04032,HH1232
C04033,HH1233
C04034,HH1234
C04035,HH1235
C04036,HH1236
C04037,HH1237
C04038,HH1238
C04039,HH1239
C04040,HH1240
C04041,HH1241
C04042,HH1242
C04043,HH1243
C04044,HH1244
C04045,HH1245
C04046,HH1246
C04047,HH1247
C04048,HH1248
C04049,HH1249
C04050,HH1250
C04051,HH1251
C04052,HH1252
C04053,HH1253
C04054,HH1254
C04055,HH1255
C04056,HH1256
C04057,HH1257
C04058,HH1258
C04059,HH1259
C04060,HH1260
C04061,HH1261
C04062,HH1262
C04063,HH1263
C04064,HH1264
C04065,HH1265
C04066,HH1266
C04067,HH1267
C04068,HH1268
C04069,HH1269
C04070,HH1270
C04071,HH1271
C04072,HH1272
C04073,HH1273
C04074,HH1274
C04075,HH1275
C04076,HH1276
C04077,HH1277
C04078,HH1278
C04079,HH1279
C04080,HH1280
C04081,HH1281
C04082,HH1282
C04083,HH1283
C04084,HH1284
C04085,HH1285
C04086,HH1286
C04087,HH1287
C04088,HH1288
C04089,HH1289
C04090,HH1290
C04091,HH1291
C04092,HH1292
C04093,HH1293
C04094,HH1294
C04095,HH1295
C04096,HH1296
C04097,HH1297
C04098,HH1298
C04099,HH1299
C04100,HH1300
C04101,HH1301
C04102,HH1302
C04103,HH1303
C04104,HH1304
C04105,HH1305
C04106,HH1306
C04107,HH1307
C04108,HH1308
C04109,HH1309
C04110,HH1310
C04111,HH1311
C04112,HH1312
C04113,HH1313
C04114,HH1314
C04115,HH1315
C04116,HH1316
C04117,HH1317
C04118,HH1318
C04119,HH1319
C04120,HH1320
C04121,HH1321
C04122,HH1322
C04123,HH1323
C04124,HH1324
C04125,HH1325
C04126,HH1326
C04127,HH1327
C04128,HH1328
C04129,HH1329
C04130,HH1330
C04131,HH1331
C04132,HH1332
C04133,HH1333
C04134,HH1334
C04135,HH1335
C04136,HH1336
C04137,HH1337
C04138,HH1338
C04139,HH1339
C04140,HH1340
C04141,HH1341
C04142,HH1342
C04143,HH1343
C04144,HH1344
C04145,HH1345
C04146,HH1346
C04147,HH1347
C04148,HH1348
C04149,HH1349
C04150,HH1350
C04151,HH1351
C04152,HH1352
C04153,HH1353
C04154,HH1354
C04155,HH1355
C04156,HH1356
C04157,HH1357
C04158,HH1358
C04159,HH1359
C04160,HH1360
C04161,HH1361
C04162,HH1362
C04163,HH1363
C04164,HH1364
C04165,HH1365
C04166,HH1366
C04167,HH1367
C04168,HH1368
C04169,HH1369
C04170,HH1370
C04171,HH1371
C04172,HH1372
C04173,HH1373
C04174,HH1374
C04175,HH1375
C04176,HH1376
C04177,HH1377
C04178,HH1378
C04179,HH1379
C04180,HH1380
C04181,HH1381
C04182,HH1382
C04183,HH1383
C04184,HH1384
C04185,HH1385
C04186,HH1386
C04187,HH1387
C04188,HH1388
C04189,HH1389
C04190,HH1390
C04191,HH1391
C04192,HH1392
C04193,HH1393
C04194,HH1394
C04195,HH1395
C04196,HH1396
C04197,HH1397
C04198,HH1398
C04199,HH1399
C04200,HH1400
C04201,HH0001
C04202,HH0002
C04203,HH0003
C04204,HH0004
C04205,HH0005
C04206,HH0006
C04207,HH0007
C04208,HH0008
C04209,HH0009
C04210,HH0010
C04211,HH0011
C04212,HH0012
C04213,HH0013
C04214,HH0014
C04215,HH0015
C04216,HH0016
C04217,HH0017
C04218,HH0018
C04219,HH0019
C04220,HH0020
C04221,HH0021
C04222,HH0022
C04223,HH0023
C04224,HH0024
C04225,HH0025
C04226,HH0026
C04227,HH0027
C04228,HH0028
C04229,HH0029
C04230,HH0030
C04231,HH0031
C04232,HH0032
C04233,HH0033
C04234,HH0034
C04235,HH0035
C04236,HH0036
C04237,HH0037
C04238,HH0038
C04239,HH0039
C04240,HH0040
C04241,HH0041
C04242,HH0042
C04243,HH0043
C04244,HH0044
C04245,HH0045
C04246,HH0046
C04247,HH0047
C04248,HH0048
C04249,HH0049
C04250,HH0050
C04251,HH0051
C04252,HH0052
C04253,HH0053
C04254,HH0054
C04255,HH0055
C04256,HH0056
C04257,HH0057
C04258,HH0058
C04259,HH0059
C04260,HH0060
C04261,HH0061
C04262,HH0062
C04263,HH0063
C04264,HH0064
C04265,HH0065
C04266,HH0066
C04267,HH0067
C04268,HH0068
C04269,HH0069
C04270,HH0070
C04271,HH0071
C04272,HH0072
C04273,HH0073
C04274,HH0074
C04275,HH0075
C04276,HH0076
C04277,HH0077
C04278,HH0078
C04279,HH0079
C04280,HH0080
C04281,HH0081
C04282,HH0082
C04283,HH0083
C04284,HH0084
C04285,HH0085
C04286,HH0086
C04287,HH0087
C04288,HH0088
C04289,HH0089
C04290,HH0090
C04291,HH0091
C04292,HH0092
C04293,HH0093
C04294,HH0094
C04295,HH0095
C04296,HH0096
C04297,HH0097
C04298,HH0098
C04299,HH0099
C04300,HH0100
C04301,HH0101
C04302,HH0102
C04303,HH0103
C04304,HH0104
C04305,HH0105
C04306,HH0106
C04307,HH0107
C04308,HH0108
C04309,HH0109
C04310,HH0110
C04311,HH0111
C04312,HH0112
C04313,HH0113
C04314,HH0114
C04315,HH0115
C04316,HH0116
C04317,HH0117
C04318,HH0118
C04319,HH0119
C04320,HH0120
C04321,HH0121
C04322,HH0122
C04323,HH0123
C04324,HH0124
C04325,HH0125
C04326,HH0126
C04327,HH0127
C04328,HH0128
C04329,HH0129
C04330,HH0130
C04331,HH0131
C04332,HH0132
C04333,HH0133
C04334,HH0134
C04335,HH0135
C04336,HH0136
C04337,HH0137
C04338,HH0138
C04339,HH0139
C04340,HH0140
C04341,HH0141
C04342,HH0142
C04343,HH0143
C04344,HH0144
C04345,HH0145
C04346,HH0146
C04347,HH0147
C04348,HH0148
C04349,HH0149
C04350,HH0150
C04351,HH0151
C04352,HH0152
C04353,HH0153
C04354,HH0154
C04355,HH0155
C04356,HH0156
C04357,HH0157
C04358,HH0158
C04359,HH0159
C04360,HH0160
C04361,HH0161
C04362,HH0162
C04363,HH0163
C04364,HH0164
C04365,HH0165
C04366,HH0166
C04367,HH0167
C04368,HH0168
C04369,HH0169
C04370,HH0170
C04371,HH0171
C04372,HH0172
C04373,HH0173
C04374,HH0174
C04375,HH0175
C04376,HH0176
C04377,HH0177
C04378,HH0178
C04379,HH0179
C04380,HH0180
C04381,HH0181
C04382,HH0182
C04383,HH0183
C04384,HH0184
C04385,HH0185
C04386,HH0186
C04387,HH0187
C04388,HH0188
C04389,HH0189
C04390,HH0190
C04391,HH0191
C04392,HH0192
C04393,HH0193
C04394,HH0194
C04395,HH0195
C04396,HH0196
C04397,HH0197
C04398,HH0198
C04399,HH0199
C04400,HH0200
C04401,HH0201
C04402,HH0202
C04403,HH0203
C04404,HH0204
C04405,HH0205
C04406,HH0206
C04407,HH0207
C04408,HH0208
C04409,HH0209
C04410,HH0210
C04411,HH0211
C04412,HH0212
C04413,HH0213
C04414,HH0214
C04415,HH0215
C04416,HH0216
C04417,HH0217
C04418,HH0218
C04419,HH0219
C04420,HH0220
C04421,HH0221
C04422,HH0222
C04423,HH0223
C04424,HH0224
C04425,HH0225
C04426,HH0226
C04427,HH0227
C04428,HH0228
C04429,HH0229
C04430,HH0230
C04431,HH0231
C04432,HH0232
C04433,HH0233
C04434,HH0234
C04435,HH0235
C04436,HH0236
C04437,HH0237
C04438,HH0238
C04439,HH0239
C04440,HH0240
C04441,HH0241
C04442,HH0242
C04443,HH0243
C04444,HH0244
C04445,HH0245
C04446,HH0246
C04447,HH0247
C04448,HH0248
C04449,HH0249
C04450,HH0250
C04451,HH0251
C04452,HH0252
C04453,HH0253
C04454,HH0254
C04455,HH0255
C04456,HH0256
C04457,HH0257
C04458,HH0258
C04459,HH0259
C04460,HH0260
C04461,HH0261
C04462,HH0262
C04463,HH0263
C04464,HH0264
C04465,HH0265
C04466,HH0266
C04467,HH0267
C04468,HH0268
C04469,HH0269
C04470,HH0270
C04471,HH0271
C04472,HH0272
C04473,HH0273
C04474,HH0274
C04475,HH0275
C04476,HH0276
C04477,HH0277
C04478,HH0278
C04479,HH0279
C04480,HH0280
C04481,HH0281
C04482,HH0282
C04483,HH0283
C04484,HH0284
C04485,HH0285
C04486,HH0286
C04487,HH0287
C04488,HH0288
C04489,HH0289
C04490,HH0290
C04491,HH0291
C04492,HH0292
C04493,HH0293
C04494,HH0294
C04495,HH0295
C04496,HH0296
C04497,HH0297
C04498,HH0298
C04499,HH0299
C04500,HH0300
C04501,HH0301
C04502,HH0302
C04503,HH0303
C04504,HH0304
C04505,HH0305
C04506,HH0306
C04507,HH0307
C04508,HH0308
C04509,HH0309
C04510,HH0310
C04511,HH0311
C04512,HH0312
C04513,HH0313
C04514,HH0314
C04515,HH0315
C04516,HH0316
C04517,HH0317
C04518,HH0318
C04519,HH0319
C04520,HH0320
C04521,HH0321
C04522,HH0322
C04523,HH0323
C04524,HH0324
C04525,HH0325
C04526,HH0326
C04527,HH0327
C04528,HH0328
C04529,HH0329
C04530,HH0330
C04531,HH0331
C04532,HH0332
C04533,HH0333
C04534,HH0334
C04535,HH0335
C04536,HH0336
C04537,HH0337
C04538,HH0338
C04539,HH0339
C04540,HH0340
C04541,HH0341
C04542,HH0342
C04543,HH0343
C04544,HH0344
C04545,HH0345
C04546,HH0346
C04547,HH0347
C04548,HH0348
C04549,HH0349
C04550,HH0350
C04551,HH0351
C04552,HH0352
C04553,HH0353
C04554,HH0354
C04555,HH0355
C04556,HH0356
C04557,HH0357
C04558,HH0358
C04559,HH0359
C04560,HH0360
C04561,HH0361
C04562,HH0362
C04563,HH0363
C04564,HH0364
C04565,HH0365
C04566,HH0366
C04567,HH0367
C04568,HH0368
C04569,HH0369
C04570,HH0370
C04571,HH0371
C04572,HH0372
C04573,HH0373
C04574,HH0374
C04575,HH0375
C04576,HH0376
C04577,HH0377
C04578,HH0378
C04579,HH0379
C04580,HH0380
C04581,HH0381
C04582,HH0382
C04583,HH0383
C04584,HH0384
C04585,HH0385
C04586,HH0386
C04587,HH0387
C04588,HH0388
C04589,HH0389
C04590,HH0390
C04591,HH0391
C04592,HH0392
C04593,HH0393
C04594,HH0394
C04595,HH0395
C04596,HH0396
C04597,HH0397
C04598,HH0398
C04599,HH0399
C04600,HH0400
C04601,HH0401
C04602,HH0402
C04603,HH0403
C04604,HH0404
C04605,HH0405
C04606,HH0406
C04607,HH0407
C04608,HH0408
C04609,HH0409
C04610,HH0410
C04611,HH0411
C04612,HH0412
C04613,HH0413
C04614,HH0414
C04615,HH0415
C04616,HH0416
C04617,HH0417
C04618,HH0418
C04619,HH0419
C04620,HH0420
C04621,HH0421
C04622,HH0422
C04623,HH0423
C04624,HH0424
C04625,HH0425
C04626,HH0426
C04627,HH0427
C04628,HH0428
C04629,HH0429
C04630,HH0430
C04631,HH0431
C04632,HH0432
C04633,HH0433
C04634,HH0434
C04635,HH0435
C04636,HH0436
C04637,HH0437
C04638,HH0438
C04639,HH0439
C04640,HH0440
C04641,HH0441
C04642,HH0442
C04643,HH0443
C04644,HH0444
C04645,HH0445
C04646,HH0446
C04647,HH0447
C04648,HH0448
C04649,HH0449
C04650,HH0450
C04651,HH0451
C04652,HH0452
C04653,HH0453
C04654,HH0454
C04655,HH0455
C04656,HH0456
C04657,HH0457
C04658,HH0458
C04659,HH0459
C04660,HH0460
C04661,HH0461
C04662,HH0462
C04663,HH0463
C04664,HH0464
C04665,HH0465
C04666,HH0466
C04667,HH0467
C04668,HH0468
C04669,HH0469
C04670,HH0470
C04671,HH0471
C04672,HH0472
C04673,HH0473
C04674,HH0474
C04675,HH0475
C04676,HH0476
C04677,HH0477
C04678,HH0478
C04679,HH0479
C04680,HH0480
C04681,HH0481
C04682,HH0482
C04683,HH0483
C04684,HH0484
C04685,HH0485
C04686,HH0486
C04687,HH0487
C04688,HH0488
C04689,HH0489
C04690,HH0490
C04691,HH0491
C04692,HH0492
C04693,HH0493
C04694,HH0494
C04695,HH0495
C04696,HH0496
C04697,HH0497
C04698,HH0498
C04699,HH0499
C04700,HH0500
C04701,HH0501
C04702,HH0502
C04703,HH0503
C04704,HH0504
C04705,HH0505
C04706,HH0506
C04707,HH0507
C04708,HH0508
C04709,HH0509
C04710,HH0510
C04711,HH0511
C04712,HH0512
C04713,HH0513
C04714,HH0514
C04715,HH0515
C04716,HH0516
C04717,HH0517
C04718,HH0518
C04719,HH0519
C04720,HH0520
C04721,HH0521
C04722,HH0522
C04723,HH0523
C04724,HH0524
C04725,HH0525
C04726,HH0526
C04727,HH0527
C04728,HH0528
C04729,HH0529
C04730,HH0530
C04731,HH0531
C04732,HH0532
C04733,HH0533
C04734,HH0534
C04735,HH0535
C04736,HH0536
C04737,HH0537
C04738,HH0538
C04739,HH0539
C04740,HH0540
C04741,HH0541
C04742,HH0542
C04743,HH0543
C04744,HH0544
C04745,HH0545
C04746,HH0546
C04747,HH0547
C04748,HH0548
C04749,HH0549
C04750,HH0550
C04751,HH0551
C04752,HH0552
C04753,HH0553
C04754,HH0554
C04755,HH0555
C04756,HH0556
C04757,HH0557
C04758,HH0558
C04759,HH0559
C04760,HH0560
C04761,HH0561
C04762,HH0562
C04763,HH0563
C04764,HH0564
C04765,HH0565
C04766,HH0566
C04767,HH0567
C04768,HH0568
C04769,HH0569
C04770,HH0570
C04771,HH0571
C04772,HH0572
C04773,HH0573
C04774,HH0574
C04775,HH0575
C04776,HH0576
C04777,HH0577
C04778,HH0578
C04779,HH0579
C04780,HH0580
C04781,HH0581
C04782,HH0582
C04783,HH0583
C04784,HH0584
C04785,HH0585
C04786,HH0586
C04787,HH0587
C04788,HH0588
C04789,HH0589
C04790,HH0590
C04791,HH0591
C04792,HH0592
C04793,HH0593
C04794,HH0594
C04795,HH0595
C04796,HH0596
C04797,HH0597
C04798,HH0598
C04799,HH0599
C04800,HH0600
C04801,HH0601
C04802,HH0602
C04803,HH0603
C04804,HH0604
C04805,HH0605
C04806,HH0606
C04807,HH0607
C04808,HH0608
C04809,HH0609
C04810,HH0610
C04811,HH0611
C04812,HH0612
C04813,HH0613
C04814,HH0614
C04815,HH0615
C04816,HH0616
C04817,HH0617
C04818,HH0618
C04819,HH0619
C04820,HH0620
C04821,HH0621
C04822,HH0622
C04823,HH0623
C04824,HH0624
C04825,HH0625
C04826,HH0626
C04827,HH0627
C04828,HH0628
C04829,HH0629
C04830,HH0630
C04831,HH0631
C04832,HH0632
C04833,HH0633
C04834,HH0634
C04835,HH0635
C04836,HH0636
C04837,HH0637
C04838,HH0638
C04839,HH0639
C04840,HH0640
C04841,HH0641
C04842,HH0642
C04843,HH0643
C04844,HH0644
C04845,HH0645
C04846,HH0646
C04847,HH0647
C04848,HH0648
C04849,HH0649
C04850,HH0650
C04851,HH0651
C04852,HH0652
C04853,HH0653
C04854,HH0654
C04855,HH0655
C04856,HH0656
C04857,HH0657
C04858,HH0658
C04859,HH0659
C04860,HH0660
C04861,HH0661
C04862,HH0662
C04863,HH0663
C04864,HH0664
C04865,HH0665
C04866,HH0666
C04867,HH0667
C04868,HH0668
C04869,HH0669
C04870,HH0670
C04871,HH0671
C04872,HH0672
C04873,HH0673
C04874,HH0674
C04875,HH0675
C04876,HH0676
C04877,HH0677
C04878,HH0678
C04879,HH0679
C04880,HH0680
C04881,HH0681
C04882,HH0682
C04883,HH0683
C04884,HH0684
C04885,HH0685
C04886,HH0686
C04887,HH0687
C04888,HH0688
C04889,HH0689
C04890,HH0690
C04891,HH0691
C04892,HH0692
C04893,HH0693
C04894,HH0694
C04895,HH0695
C04896,HH0696
C04897,HH0697
C04898,HH0698
C04899,HH0699
C04900,HH0700
C04901,HH0701
C04902,HH0702
C04903,HH0703
C04904,HH0704
C04905,HH0705
C04906,HH0706
C04907,HH0707
C04908,HH0708
C04909,HH0709
C04910,HH0710
C04911,HH0711
C04912,HH0712
C04913,HH0713
C04914,HH0714
C04915,HH0715
C04916,HH0716
C04917,HH0717
C04918,HH0718
C04919,HH0719
C04920,HH0720
C04921,HH0721
C04922,HH0722
C04923,HH0723
C04924,HH0724
C04925,HH0725
C04926,HH0726
C04927,HH0727
C04928,HH0728
C04929,HH0729
C04930,HH0730
C04931,HH0731
C04932,HH0732
C04933,HH0733
C04934,HH0734
C04935,HH0735
C04936,HH0736
C04937,HH0737
C04938,HH0738
C04939,HH0739
C04940,HH0740
C04941,HH0741
C04942,HH0742
C04943,HH0743
C04944,HH0744
C04945,HH0745
C04946,HH0746
C04947,HH0747
C04948,HH0748
C04949,HH0749
C04950,HH0750
C04951,HH0751
C04952,HH0752
C04953,HH0753
C04954,HH0754
C04955,HH0755
C04956,HH0756
C04957,HH0757
C04958,HH0758
C04959,HH0759
C04960,HH0760
C04961,HH0761
C04962,HH0762
C04963,HH0763
C04964,HH0764
C04965,HH0765
C04966,HH0766
C04967,HH0767
C04968,HH0768
C04969,HH0769
C04970,HH0770
C04971,HH0771
C04972,HH0772
C04973,HH0773
C04974,HH0774
C04975,HH0775
C04976,HH0776
C04977,HH0777
C04978,HH0778
C04979,HH0779
C04980,HH0780
C04981,HH0781
C04982,HH0782
C04983,HH0783
C04984,HH0784
C04985,HH0785
C04986,HH0786
C04987,HH0787
C04988,HH0788
C04989,HH0789
C04990,HH0790
C04991,HH0791
C04992,HH0792
C04993,HH0793
C04994,HH0794
C04995,HH0795
C04996,HH0796
C04997,HH0797
C04998,HH0798
C04999,HH0799
C05000,HH0800
