householdId,utilityId
H1,U4
H1,U5
H1,U1
H1,U2
H2,U4
H2,U3
H2,U5
H2,U1
H3,U3
H4,U3
H4,U4
H5,U2
H5,U3
H5,U5
H5,U1
H6,U3
H6,U1
H7,U1
H7,U2
H8,U3
H9,U3
H9,U2
H9,U4
H10,U3
H11,U5
H11,U4
H11,U3
H12,U1
H12,U4
H12,U5
H13,U2
H13,U3
H13,U1
H13,U4
H14,U2
H15,U5
H16,U5
H17,U1
H17,U4
H17,U3
H18,U1
H18,U4
H19,U3
H19,U4
H19,U5
H20,U4
H20,U5
H20,U3
H21,U5
H21,U3
H21,U1
H22,U2
H22,U3
H23,U1
H23,U4
H23,U5
H24,U1
H24,U3
H25,U3
H25,U5
H26,U4
H26,U3
H27,U5
H28,U5
H28,U3
H28,U2
H28,U4
H29,U2
H29,U3
H29,U4
H30,U5
H30,U1
H30,U4
H31,U2
H31,U5
H31,U3
H32,U2
H33,U1
H33,U2
H33,U4
H34,U4
H34,U5
H35,U5
H36,U1
H36,U4
H36,U2
H37,U5
H38,U1
H38,U3
H38,U5
H39,U3
H40,U5
H40,U2
H40,U3
H40,U1
H41,U2
H41,U5
H42,U3
H42,U5
H42,U2
H42,U1
H43,U3
H44,U3
H44,U5
H45,U3
H45,U5
H45,U4
H46,U4
H46,U1
H46,U3
H46,U2
H47,U2
H47,U4
H47,U5
H47,U3
H48,U1
H48,U3
H48,U2
H49,U5
H49,U4
H49,U1
H49,U2
H50,U3
H50,U5
H51,U1
H51,U5
H51,U3
H51,U4
H52,U2
H53,U4
H53,U5
H53,U1
H53,U3
H54,U1
H54,U5
H54,U3
H55,U2
H55,U3
H56,U3
H56,U5
H56,U4
H57,U1
H57,U3
H58,U4
H58,U5
H59,U5
H60,U3
H60,U5
H60,U1
H60,U4
H61,U1
H61,U2
H61,U3
H62,U3
H62,U4
H63,U4
H64,U3
H65,U4
H66,U5
H67,U2
H68,U1
H69,U3
H69,U5
H69,U4
H69,U1
H70,U1
H70,U3
H70,U5
H70,U4
H71,U4
H72,U3
H72,U5
H72,U2
H72,U4
H73,U3
H74,U2
H75,U2
H75,U1
H75,U5
H76,U3
H76,U5
H76,U2
H77,U5
H77,U2
H77,U3
H77,U4
H78,U5
H79,U3
H80,U1
H80,U2
H80,U4
H81,U3
H81,U4
H81,U5
H81,U2
H82,U1
H82,U2
H83,U1
H83,U3
H83,U5
H84,U4
H84,U5
H84,U3
H84,U1
H85,U3
H85,U1
H85,U2
H86,U5
H86,U1
H86,U4
H87,U2
H87,U3
H87,U4
H88,U1
H89,U4
H89,U1
H89,U2
H89,U3
H90,U3
H90,U5
H91,U4
H91,U5
H91,U3
H91,U2
H92,U5
H93,U5
H93,U2
H93,U3
H94,U3
H94,U2
H94,U4
H94,U1
H95,U4
H95,U1
H96,U5
H96,U2
H96,U1
H96,U4
H97,U1
H97,U4
H98,U3
H98,U2
H99,U3
H100,U5
H101,U1
H101,U3
H101,U4
H101,U2
H102,U5
H102,U2
H102,U3
H102,U1
H103,U3
H103,U5
H103,U2
H103,U1
H104,U3
H104,U2
H104,U4
H105,U1
H105,U5
H106,U3
H106,U1
H106,U2
H106,U5
H107,U3
H107,U2
H108,U4
H109,U1
H109,U2
H109,U4
H109,U3
H110,U1
H110,U4
H110,U2
H111,U1
H111,U5
H112,U1
H113,U4
H113,U5
H113,U1
H113,U2
H114,U2
H115,U3
H115,U1
H115,U2
H116,U2
H117,U5
H117,U3
H117,U4
H117,U1
H118,U5
H118,U2
H118,U1
H118,U3
H119,U1
H119,U5
H119,U2
H119,U3
H120,U4
H120,U1
H120,U2
H121,U3
H121,U5
H122,U1
H122,U4
H122,U3
H123,U2
H124,U1
H124,U4
H124,U3
H124,U5
H125,U5
H125,U2
H125,U4
H126,U1
H126,U2
H126,U5
H126,U3
H127,U1
H127,U2
H127,U5
H128,U5
H129,U5
H130,U1
H130,U4
H131,U3
H131,U4
H131,U1
H131,U5
H132,U3
H132,U5
H132,U1
H133,U2
H133,U5
H133,U4
H133,U3
H134,U1
H134,U5
H134,U4
H134,U2
H135,U1
H135,U4
H135,U5
H135,U2
H136,U3
H137,U5
H137,U2
H138,U4
H138,U2
H138,U1
H138,U5
H139,U3
H139,U4
H139,U5
H139,U2
H140,U5
H140,U3
H140,U1
H140,U4
H141,U1
H142,U1
H142,U3
H143,U3
H143,U1
H143,U5
H144,U4
H144,U2
H145,U5
H146,U4
H147,U4
H147,U1
H148,U1
H148,U3
H148,U5
H149,U4
H149,U3
H150,U1
H150,U2
H150,U5
H151,U1
H151,U4
H152,U5
H152,U3
H152,U1
H152,U4
H153,U2
H153,U3
H153,U5
H153,U1
H154,U5
H154,U4
H155,U2
H156,U3
H156,U5
H157,U2
H157,U5
H157,U1
H157,U3
H158,U1
H158,U2
H158,U4
H158,U3
H159,U2
H159,U1
H160,U4
H161,U4
H161,U5
H162,U4
H163,U4
H163,U2
H163,U5
H164,U1
H164,U4
H164,U5
H164,U2
H165,U5
H165,U2
H165,U3
H166,U3
H167,U2
H167,U5
H168,U3
H168,U4
H168,U5
H169,U5
H170,U2
H170,U1
H170,U4
H171,U1
H171,U4
H171,U3
H171,U5
H172,U4
H173,U3
H173,U4
H173,U2
H173,U5
H174,U5
H174,U2
H175,U5
H175,U2
H176,U1
H176,U5
H177,U5
H177,U3
H177,U2
H177,U4
H178,U3
H178,U2
H179,U1
H179,U2
H180,U2
H180,U4
H180,U1
H180,U5
H181,U3
H182,U3
H182,U5
H182,U4
H183,U1
H183,U4
H183,U3
H183,U2
H184,U5
H185,U3
H185,U4
H186,U5
H186,U4
H186,U1
H186,U2
H187,U5
H188,U1
H188,U5
H189,U3
H189,U4
H189,U5
H189,U1
H190,U5
H190,U1
H190,U3
H191,U5
H191,U1
H191,U4
H191,U3
H192,U2
H192,U5
H192,U1
H192,U3
H193,U2
H193,U5
H193,U4
H193,U3
H194,U4
H194,U5
H194,U2
H194,U1
H195,U5
H195,U2
H195,U3
H196,U5
H196,U3
H196,U2
H196,U1
H197,U2
H198,U5
H199,U1
H199,U2
H199,U5
H199,U3
H200,U1
H200,U2
H200,U3
H201,U5
H201,U4
H201,U2
H202,U3
H202,U2
H203,U3
H203,U4
H204,U5
H205,U1
H206,U3
H206,U1
H207,U5
H208,U1
H209,U4
H209,U3
H209,U5
H209,U2
H210,U2
H210,U1
H211,U5
H212,U3
H213,U2
H213,U3
H213,U5
H214,U1
H215,U2
H215,U1
H215,U5
H216,U1
H216,U4
H216,U2
H216,U5
H217,U5
H217,U3
H217,U4
H218,U5
H219,U3
H220,U1
H220,U5
H220,U3
H221,U2
H221,U1
H222,U3
H222,U4
H223,U3
H224,U3
H225,U4
H225,U1
H226,U3
H227,U4
H227,U5
H228,U2
H228,U5
H228,U4
H229,U4
H229,U3
H229,U1
H229,U2
H230,U3
H231,U1
H231,U4
H231,U2
H231,U3
H232,U4
H233,U3
H233,U5
H233,U4
H234,U5
H234,U3
H234,U2
H235,U1
H235,U2
H236,U5
H237,U3
H237,U1
H237,U5
H238,U3
H238,U2
H239,U5
H239,U3
H239,U2
H239,U4
H240,U4
H240,U3
H241,U1
H241,U2
H242,U1
H242,U5
H242,U2
H243,U5
H243,U2
H244,U2
H245,U1
H245,U2
H245,U4
H246,U2
H247,U1
H248,U3
H248,U2
H249,U3
H250,U3
H251,U4
H251,U3
H252,U4
H253,U4
H253,U5
H253,U2
H253,U1
H254,U4
H254,U1
H255,U2
H255,U1
H256,U4
H256,U1
H256,U3
H257,U1
H258,U1
H258,U4
H259,U5
H260,U4
H261,U5
H261,U3
H261,U1
H262,U5
H262,U2
H262,U3
H262,U1
H263,U3
H263,U2
H263,U4
H263,U1
H264,U2
H264,U5
H264,U3
H264,U4
H265,U4
H265,U5
H265,U2
H266,U1
H266,U2
H266,U3
H266,U5
H267,U1
H267,U4
H267,U3
H268,U3
H268,U2
H268,U5
H268,U1
H269,U1
H269,U5
H270,U2
H270,U1
H270,U3
H271,U3
H271,U1
H271,U2
H271,U5
H272,U2
H272,U1
H272,U4
H273,U2
H273,U5
H273,U1
H274,U3
H274,U5
H274,U4
H275,U5
H276,U3
H276,U2
H277,U5
H278,U3
H278,U2
H278,U1
H279,U5
H279,U4
H280,U2
H281,U4
H282,U4
H282,U1
H282,U2
H283,U2
H284,U5
H284,U2
H284,U4
H285,U5
H285,U1
H285,U3
H285,U4
H286,U4
H287,U5
H287,U2
H287,U1
H287,U4
H288,U3
H289,U5
H289,U3
H290,U2
H291,U4
H291,U1
H292,U5
H292,U2
H292,U4
H292,U1
H293,U2
H293,U4
H294,U4
H294,U2
H294,U5
H295,U5
H296,U4
H296,U1
H296,U3
H297,U3
H297,U4
H297,U2
H298,U4
H299,U4
H299,U2
H300,U1
H301,U5
H301,U1
H302,U2
H303,U5
H303,U2
H303,U3
H303,U4
H304,U2
H305,U3
H305,U2
H305,U4
H306,U1
H306,U4
H306,U5
H307,U1
H307,U4
H308,U4
H308,U2
H308,U3
H309,U2
H309,U4
H309,U1
H310,U2
H310,U5
H310,U1
H310,U3
H311,U1
H312,U2
H312,U4
H312,U1
H312,U3
H313,U4
H314,U5
H314,U1
H315,U2
H315,U1
H316,U1
H316,U4
H316,U2
H316,U5
H317,U5
H317,U1
H317,U2
H317,U3
H318,U4
H319,U2
H319,U3
H319,U1
H320,U4
H320,U5
H321,U4
H321,U5
H322,U5
H323,U5
H324,U2
H324,U4
H324,U5
H325,U5
H325,U1
H325,U2
H326,U3
H326,U2
H327,U4
H327,U1
H327,U2
H328,U4
H328,U3
H328,U5
H328,U1
H329,U2
H329,U5
H329,U3
H329,U1
H330,U2
H330,U3
H330,U1
H331,U3
H331,U4
H331,U5
H332,U2
H332,U3
H332,U4
H333,U2
H333,U4
H333,U1
H334,U1
H334,U4
H334,U3
H335,U5
H335,U1
H335,U3
H336,U1
H336,U2
H336,U4
H337,U3
H337,U1
H338,U5
H339,U4
H339,U5
H339,U3
H339,U2
H340,U3
H341,U3
H342,U3
H342,U1
H342,U4
H342,U5
H343,U4
H344,U5
H344,U4
H345,U4
H346,U3
H346,U1
H346,U2
H346,U4
H347,U5
H347,U4
H348,U1
H348,U2
H348,U3
H349,U3
H350,U4
H351,U3
H351,U5
H351,U2
H352,U5
H352,U2
H353,U1
H353,U2
H353,U4
H354,U4
H354,U2
H355,U4
H355,U2
H355,U3
H355,U5
H356,U1
H357,U1
H358,U1
H358,U2
H358,U5
H358,U3
H359,U5
H359,U2
H360,U4
H361,U5
H361,U1
H362,U3
H362,U1
H362,U4
H362,U5
H363,U5
H364,U4
H365,U2
H365,U4
H366,U5
H366,U1
H367,U4
H367,U5
H368,U1
H368,U2
H369,U1
H370,U4
H371,U2
H371,U3
H372,U3
H372,U2
H372,U4
H373,U3
H373,U5
H373,U4
H373,U1
H374,U2
H375,U1
H376,U5
H376,U3
H377,U5
H378,U4
H379,U5
H379,U3
H380,U2
H380,U1
H380,U5
H381,U4
H381,U1
H381,U2
H381,U5
H382,U4
H382,U3
H383,U1
H383,U3
H383,U2
H383,U5
H384,U4
H384,U3
H384,U1
H384,U2
H385,U4
H386,U5
H386,U1
H386,U4
H387,U4
H388,U1
H388,U2
H388,U3
H389,U1
H390,U1
H390,U3
H390,U5
H391,U3
H391,U1
H391,U5
H391,U4
H392,U4
H392,U3
H392,U5
H393,U1
H393,U5
H393,U3
H393,U4
H394,U3
H394,U2
H394,U4
H395,U1
H395,U2
H395,U5
H396,U4
H396,U1
H396,U5
H397,U5
H397,U1
H397,U4
H398,U4
H398,U5
H399,U4
H399,U3
H399,U5
H400,U3
H400,U5
H400,U2
H401,U4
H401,U3
H401,U1
H401,U5
H402,U2
H402,U3
H402,U4
H402,U5
H403,U3
H403,U5
H403,U2
H404,U5
H404,U2
H404,U3
H405,U4
H405,U5
H406,U5
H406,U1
H406,U2
H406,U4
H407,U5
H407,U1
H407,U4
H407,U2
H408,U3
H408,U5
H409,U4
H409,U2
H410,U5
H410,U2
H411,U4
H411,U3
H411,U5
H411,U2
H412,U2
H413,U4
H414,U5
H414,U2
H414,U4
H414,U3
H415,U2
H415,U3
H415,U4
H416,U4
H416,U5
H417,U3
H418,U3
H418,U1
H419,U2
H419,U3
H420,U3
H420,U5
H420,U1
H420,U4
H421,U5
H422,U2
H422,U3
H422,U5
H423,U1
H424,U4
H424,U3
H425,U3
H426,U1
H426,U3
H426,U5
H426,U4
H427,U3
H428,U4
H428,U3
H428,U2
H429,U3
H430,U3
H430,U2
H430,U4
H431,U5
H431,U4
H431,U3
H431,U2
H432,U5
H433,U5
H433,U4
H434,U5
H434,U2
H434,U3
H434,U4
H435,U4
H435,U5
H436,U1
H437,U3
H437,U4
H437,U2
H437,U5
H438,U2
H439,U5
H439,U4
H439,U1
H440,U4
H441,U1
H442,U5
H442,U2
H442,U1
H443,U4
H443,U5
H443,U1
H444,U4
H444,U5
H444,U3
H445,U4
H445,U1
H445,U2
H446,U2
H446,U5
H446,U4
H446,U1
H447,U4
H447,U1
H447,U5
H447,U2
H448,U4
H448,U2
H448,U1
H449,U5
H449,U4
H449,U2
H449,U1
H450,U3
H450,U5
H450,U2
H450,U1
H451,U4
H451,U5
H451,U1
H452,U2
H452,U1
H453,U4
H453,U2
H454,U1
H454,U2
H454,U4
H454,U3
H455,U2
H455,U5
H456,U1
H456,U2
H456,U3
H457,U3
H457,U4
H457,U2
H457,U1
H458,U1
H458,U5
H458,U4
H459,U4
H459,U5
H460,U2
H460,U4
H461,U3
H461,U1
H461,U5
H462,U4
H462,U1
H462,U2
H462,U5
H463,U2
H463,U5
H463,U4
H463,U3
H464,U3
H464,U2
H465,U2
H465,U4
H466,U5
H466,U3
H467,U2
H468,U2
H468,U3
H468,U4
H468,U1
H469,U2
H470,U5
H470,U1
H471,U1
H471,U2
H471,U3
H472,U3
H472,U4
H472,U1
H472,U2
H473,U3
H473,U1
H473,U5
H474,U3
H474,U1
H474,U4
H474,U5
H475,U5
H476,U1
H476,U5
H477,U3
H478,U1
H478,U3
H479,U3
H479,U4
H480,U3
H480,U5
H480,U1
H480,U2
H481,U4
H481,U3
H481,U5
H482,U5
H482,U2
H482,U4
H482,U3
H483,U3
H483,U5
H483,U4
H483,U2
H484,U2
H484,U1
H484,U3
H485,U1
H486,U2
H486,U1
H486,U4
H487,U5
H487,U3
H487,U1
H488,U1
H488,U5
H489,U5
H489,U1
H489,U3
H489,U4
H490,U3
H491,U1
H492,U2
H492,U3
H492,U5
H492,U4
H493,U5
H494,U5
H494,U3
H495,U4
H496,U3
H496,U4
H497,U5
H497,U3
H498,U4
H498,U5
H498,U3
H499,U4
H499,U2
H500,U1
H501,U1
H501,U4
H502,U3
H502,U2
H502,U4
H503,U1
H503,U2
H504,U4
H504,U1
H504,U5
H505,U4
H505,U2
H505,U3
H506,U4
H506,U2
H506,U1
H507,U2
H507,U1
H508,U5
H508,U2
H508,U4
H508,U3
H509,U3
H509,U4
H509,U2
H510,U1
H510,U3
H510,U2
H511,U4
H512,U1
H512,U2
H512,U3
H513,U4
H513,U3
H514,U2
H514,U1
H515,U2
H515,U5
H515,U1
H516,U5
H516,U3
H516,U4
H516,U1
H517,U5
H517,U1
H518,U1
H518,U3
H518,U5
H519,U2
H519,U5
H519,U4
H519,U1
H520,U3
H520,U4
H520,U5
H521,U2
H521,U5
H521,U4
H521,U3
H522,U1
H522,U2
H522,U5
H522,U4
H523,U3
H523,U2
H523,U4
H523,U5
H524,U2
H524,U3
H524,U1
H525,U1
H525,U3
H525,U5
H525,U2
H526,U5
H526,U2
H527,U5
H527,U2
H527,U1
H527,U4
H528,U3
H528,U5
H529,U2
H529,U5
H529,U4
H530,U5
H530,U4
H531,U3
H531,U1
H532,U4
H532,U1
H533,U1
H533,U4
H533,U5
H534,U2
H535,U5
H536,U4
H536,U5
H536,U1
H536,U2
H537,U4
H537,U5
H537,U1
H537,U3
H538,U1
H538,U2
H538,U4
H538,U3
H539,U5
H539,U3
H539,U2
H539,U1
H540,U5
H540,U4
H541,U3
H541,U5
H542,U1
H542,U5
H542,U3
H543,U3
H543,U4
H544,U5
H544,U2
H544,U3
H544,U4
H545,U4
H545,U3
H545,U2
H546,U5
H546,U2
H546,U1
H547,U4
H547,U2
H548,U1
H548,U5
H549,U3
H550,U1
H550,U4
H550,U2
H550,U3
H551,U1
H551,U5
H551,U2
H551,U3
H552,U2
H552,U3
H552,U5
H552,U4
H553,U2
H553,U4
H553,U3
H554,U4
H554,U3
H555,U4
H555,U1
H555,U2
H555,U5
H556,U3
H556,U2
H557,U2
H557,U3
H557,U4
H558,U3
H559,U3
H560,U1
H561,U3
H561,U2
H561,U4
H561,U1
H562,U5
H562,U1
H562,U4
H562,U2
H563,U5
H563,U4
H563,U2
H564,U1
H565,U4
H566,U2
H566,U3
H566,U5
H567,U3
H567,U4
H567,U2
H567,U1
H568,U5
H568,U1
H569,U4
H569,U1
H570,U4
H570,U1
H570,U2
H570,U5
H571,U2
H571,U4
H572,U2
H572,U5
H572,U4
H572,U1
H573,U4
H573,U1
H574,U1
H574,U2
H574,U4
H575,U5
H575,U1
H576,U3
H576,U1
H576,U5
H577,U4
H577,U3
H577,U2
H577,U1
H578,U3
H578,U5
H578,U1
H579,U2
H579,U1
H579,U3
H579,U5
H580,U1
H580,U4
H581,U5
H581,U1
H582,U3
H582,U4
H582,U2
H582,U5
H583,U3
H583,U2
H584,U1
H585,U5
H585,U3
H585,U2
H586,U3
H586,U5
H587,U4
H588,U3
H588,U4
H589,U5
H589,U3
H589,U2
H590,U1
H590,U3
H590,U4
H590,U5
H591,U4
H591,U1
H591,U3
H592,U2
H592,U1
H593,U4
H593,U3
H593,U2
H594,U1
H594,U3
H594,U2
H594,U5
H595,U3
H596,U1
H596,U4
H596,U2
H597,U4
H597,U2
H597,U3
H597,U5
H598,U1
H598,U2
H599,U1
H599,U3
H600,U5
H600,U1
H601,U5
H601,U1
H602,U4
H603,U1
H603,U3
H603,U5
H603,U2
H604,U3
H604,U1
H605,U3
H605,U4
H606,U5
H606,U4
H607,U4
H607,U5
H607,U2
H607,U1
H608,U5
H609,U3
H609,U2
H610,U1
H610,U3
H611,U2
H612,U4
H612,U5
H612,U3
H613,U1
H614,U5
H614,U4
H614,U2
H615,U4
H616,U5
H616,U3
H616,U2
H617,U4
H617,U1
H617,U3
H618,U3
H618,U1
H619,U2
H619,U4
H620,U5
H620,U3
H620,U4
H621,U1
H621,U4
H622,U3
H623,U4
H623,U3
H624,U3
H624,U1
H625,U2
H625,U5
H626,U5
H627,U4
H627,U2
H628,U2
H628,U5
H629,U4
H630,U4
H631,U2
H631,U4
H631,U5
H631,U1
H632,U1
H632,U4
H632,U2
H633,U2
H633,U5
H633,U1
H634,U5
H634,U4
H635,U1
H635,U2
H635,U3
H635,U5
H636,U1
H636,U3
H636,U2
H637,U4
H638,U3
H638,U2
H639,U5
H639,U3
H639,U1
H640,U3
H640,U4
H641,U4
H641,U2
H641,U1
H641,U3
H642,U3
H642,U5
H642,U4
H643,U1
H643,U5
H643,U4
H643,U2
H644,U4
H645,U2
H645,U4
H646,U5
H646,U4
H647,U2
H647,U1
H647,U5
H647,U4
H648,U5
H648,U3
H649,U4
H650,U2
H651,U3
H651,U2
H651,U5
H651,U1
H652,U2
H652,U3
H652,U1
H652,U4
H653,U5
H653,U4
H653,U2
H653,U3
H654,U2
H654,U5
H654,U3
H654,U4
H655,U2
H655,U5
H655,U4
H655,U1
H656,U2
H656,U1
H656,U4
H657,U4
H657,U2
H657,U5
H658,U4
H658,U2
H659,U3
H659,U2
H659,U1
H659,U5
H660,U5
H660,U2
H661,U2
H661,U4
H661,U5
H661,U1
H662,U3
H662,U2
H663,U2
H663,U5
H663,U1
H664,U2
H664,U3
H664,U4
H664,U5
H665,U2
H665,U5
H665,U4
H665,U3
H666,U3
H667,U5
H668,U2
H668,U5
H668,U3
H668,U1
H669,U3
H669,U5
H669,U2
H669,U1
H670,U1
H670,U5
H670,U2
H670,U3
H671,U1
H671,U5
H672,U4
H673,U3
H673,U1
H674,U5
H675,U4
H676,U1
H676,U3
H676,U5
H677,U4
H678,U2
H678,U3
H679,U3
H679,U4
H680,U3
H680,U4
H680,U1
H680,U2
H681,U2
H681,U1
H681,U4
H681,U5
H682,U5
H683,U3
H683,U5
H684,U4
H685,U2
H685,U5
H685,U3
H685,U1
H686,U5
H686,U2
H686,U3
H686,U4
H687,U1
H687,U2
H688,U2
H688,U3
H689,U4
H690,U2
H690,U5
H690,U3
H690,U4
H691,U4
H691,U5
H692,U2
H692,U4
H692,U1
H692,U5
H693,U1
H693,U5
H693,U2
H693,U3
H694,U1
H694,U4
H694,U5
H695,U3
H696,U5
H696,U1
H696,U2
H696,U3
H697,U5
H697,U2
H697,U3
H698,U3
H698,U2
H698,U1
H699,U4
H699,U2
H699,U1
H700,U4
H700,U5
H700,U3
H700,U2
H701,U5
H701,U2
H701,U1
H701,U4
H702,U2
H702,U4
H702,U3
H702,U5
H703,U5
H703,U3
H703,U4
H703,U1
H704,U3
H704,U4
H705,U1
H706,U1
H706,U2
H706,U5
H707,U2
H707,U1
H708,U4
H709,U4
H709,U5
H709,U3
H709,U1
H710,U5
H711,U4
H711,U2
H712,U3
H712,U2
H712,U1
H713,U1
H713,U2
H714,U1
H714,U3
H714,U4
H714,U5
H715,U1
H715,U5
H715,U4
H715,U3
H716,U1
H716,U5
H716,U4
H716,U2
H717,U2
H717,U5
H717,U1
H717,U3
H718,U4
H718,U2
H718,U5
H719,U1
H719,U3
H719,U4
H720,U4
H721,U1
H721,U2
H721,U4
H722,U3
H722,U2
H723,U2
H723,U5
H724,U3
H724,U5
H724,U4
H725,U2
H726,U5
H727,U1
H727,U4
H727,U2
H727,U3
H728,U3
H728,U2
H728,U5
H729,U3
H729,U1
H729,U2
H730,U5
H731,U5
H731,U3
H732,U5
H732,U2
H732,U4
H733,U3
H734,U5
H734,U2
H734,U3
H734,U1
H735,U5
H735,U4
H735,U2
H736,U4
H736,U3
H736,U2
H736,U5
H737,U1
H737,U2
H738,U5
H738,U2
H739,U2
H740,U4
H740,U5
H741,U5
H741,U4
H741,U1
H742,U1
H742,U5
H742,U3
H742,U4
H743,U1
H743,U2
H743,U5
H743,U3
H744,U2
H744,U5
H744,U3
H744,U1
H745,U3
H746,U2
H746,U1
H747,U2
H748,U3
H749,U3
H750,U3
H750,U4
H750,U1
H750,U5
H751,U1
H751,U3
H751,U5
H752,U1
H753,U5
H753,U2
H754,U5
H754,U4
H755,U2
H756,U2
H756,U1
H757,U5
H757,U4
H758,U4
H758,U5
H758,U3
H759,U4
H759,U3
H759,U5
H759,U2
H760,U2
H760,U4
H761,U4
H762,U4
H763,U1
H763,U3
H763,U2
H764,U4
H764,U1
H764,U5
H764,U3
H765,U5
H765,U3
H765,U1
H765,U4
H766,U4
H766,U1
H766,U3
H767,U5
H767,U3
H768,U4
H768,U3
H768,U1
H769,U5
H769,U3
H769,U4
H770,U3
H770,U1
H771,U5
H771,U4
H771,U3
H772,U4
H773,U1
H773,U2
H773,U4
H773,U3
H774,U2
H774,U4
H774,U3
H774,U1
H775,U4
H775,U2
H775,U5
H776,U4
H776,U5
H777,U1
H778,U2
H778,U4
H779,U4
H780,U4
H781,U3
H781,U5
H782,U1
H782,U5
H782,U2
H782,U4
H783,U1
H783,U4
H783,U5
H783,U3
H784,U4
H785,U4
H785,U3
H786,U2
H787,U2
H787,U4
H787,U5
H788,U4
H788,U2
H789,U5
H789,U4
H790,U1
H790,U2
H791,U5
H791,U2
H791,U3
H792,U3
H792,U1
H792,U5
H793,U3
H793,U1
H793,U4
H794,U4
H794,U1
H794,U5
H794,U2
H795,U2
H796,U5
H796,U3
H796,U2
H796,U4
H797,U1
H797,U5
H798,U2
H798,U1
H798,U5
H798,U3
H799,U4
H800,U3
H800,U5
H800,U2
H801,U4
H802,U5
H802,U3
H802,U4
H803,U4
H804,U1
H804,U4
H804,U5
H805,U2
H805,U3
H805,U4
H805,U5
H806,U4
H806,U2
H807,U3
H807,U5
H808,U2
H808,U1
H809,U2
H809,U4
H809,U5
H810,U2
H810,U5
H810,U1
H811,U3
H811,U4
H812,U2
H812,U5
H812,U4
H813,U4
H813,U2
H813,U3
H813,U1
H814,U3
H814,U2
H815,U3
H815,U5
H815,U1
H815,U4
H816,U4
H817,U3
H818,U3
H818,U4
H818,U2
H818,U5
H819,U2
H820,U4
H820,U3
H821,U2
H821,U3
H822,U1
H822,U3
H823,U1
H823,U2
H823,U4
H824,U3
H824,U4
H824,U2
H824,U5
H825,U3
H825,U5
H825,U2
H825,U4
H826,U2
H827,U5
H827,U1
H827,U2
H827,U3
H828,U3
H828,U2
H828,U4
H828,U1
H829,U5
H830,U5
H831,U5
H831,U2
H831,U3
H832,U5
H832,U3
H833,U1
H833,U4
H833,U2
H834,U5
H834,U2
H835,U5
H835,U2
H835,U4
H836,U4
H836,U5
H837,U1
H837,U3
H837,U5
H838,U2
H838,U1
H839,U4
H839,U1
H840,U5
H840,U2
H841,U4
H842,U2
H842,U4
H842,U5
H842,U3
H843,U4
H843,U5
H844,U2
H844,U3
H844,U4
H844,U5
H845,U2
H846,U5
H847,U4
H847,U3
H848,U4
H849,U1
H849,U4
H849,U5
H849,U2
H850,U2
H850,U1
H851,U2
H851,U1
H851,U4
H852,U4
H852,U3
H853,U5
H853,U2
H853,U3
H854,U3
H854,U5
H854,U2
H854,U1
H855,U1
H855,U2
H855,U5
H855,U3
H856,U5
H856,U1
H856,U3
H856,U4
H857,U4
H858,U3
H858,U1
H858,U2
H858,U5
H859,U1
H859,U2
H859,U5
H859,U4
H860,U1
H861,U4
H861,U5
H862,U2
H862,U5
H863,U1
H863,U5
H863,U3
H863,U2
H864,U5
H864,U1
H865,U3
H865,U4
H865,U5
H865,U2
H866,U2
H866,U1
H866,U3
H866,U5
H867,U3
H868,U3
H869,U3
H869,U1
H869,U5
H869,U4
H870,U2
H870,U4
H870,U1
H870,U5
H871,U4
H872,U3
H872,U4
H872,U2
H873,U2
H873,U1
H873,U5
H873,U3
H874,U4
H874,U2
H874,U1
H875,U4
H875,U5
H876,U3
H876,U1
H876,U4
H876,U2
H877,U5
H877,U1
H878,U2
H879,U4
H880,U4
H880,U5
H880,U1
H881,U3
H881,U2
H882,U5
H882,U1
H882,U2
H883,U4
H883,U5
H883,U3
H883,U1
H884,U2
H884,U5
H884,U3
H885,U2
H885,U3
H886,U1
H886,U2
H886,U3
H887,U5
H887,U4
H888,U4
H888,U5
H888,U2
H889,U1
H890,U5
H890,U3
H890,U1
H890,U2
H891,U1
H892,U2
H893,U5
H893,U2
H893,U4
H894,U5
H895,U1
H895,U2
H895,U3
H896,U1
H896,U2
H896,U4
H897,U2
H898,U1
H898,U3
H898,U2
H899,U4
H900,U1
H900,U3
H900,U2
H901,U1
H901,U2
H901,U4
H902,U2
H902,U4
H902,U5
H903,U1
H903,U4
H903,U5
H903,U3
H904,U2
H905,U3
H905,U4
H906,U1
H907,U2
H907,U5
H908,U4
H908,U1
H909,U1
H909,U2
H910,U3
H910,U5
H911,U1
H912,U1
H912,U2
H913,U5
H913,U2
H914,U3
H914,U1
H914,U5
H914,U2
H915,U3
H915,U4
H915,U5
H915,U1
H916,U3
H916,U4
H916,U1
H917,U1
H917,U3
H918,U3
H918,U2
H919,U1
H920,U2
H920,U1
H920,U3
H921,U3
H921,U1
H921,U2
H922,U4
H922,U2
H922,U5
H923,U1
H924,U4
H924,U2
H924,U3
H925,U1
H925,U4
H925,U3
H925,U5
H926,U5
H926,U2
H926,U3
H927,U2
H928,U4
H928,U5
H929,U3
H929,U1
H930,U3
H930,U4
H930,U2
H930,U5
H931,U3
H931,U5
H932,U4
H932,U2
H932,U3
H933,U1
H933,U5
H933,U4
H933,U3
H934,U3
H935,U3
H935,U1
H935,U4
H936,U3
H936,U5
H936,U4
H937,U5
H937,U1
H937,U2
H938,U5
H938,U4
H939,U2
H940,U3
H940,U2
H940,U1
H940,U5
H941,U1
H941,U2
H941,U5
H941,U4
H942,U5
H942,U2
H942,U3
H943,U4
H943,U5
H943,U1
H943,U2
H944,U3
H944,U2
H944,U1
H944,U5
H945,U2
H945,U5
H945,U4
H946,U2
H946,U3
H947,U2
H948,U2
H948,U5
H949,U5
H950,U5
H951,U4
H951,U5
H952,U4
H953,U1
H954,U5
H955,U1
H956,U4
H957,U3
H957,U2
H958,U1
H958,U3
H959,U4
H959,U5
H959,U2
H959,U3
H960,U1
H960,U5
H960,U2
H961,U2
H961,U1
H962,U3
H962,U2
H962,U5
H962,U4
H963,U1
H963,U5
H963,U3
H964,U1
H964,U3
H964,U4
H965,U3
H965,U1
H965,U5
H966,U4
H966,U1
H966,U5
H966,U3
H967,U4
H968,U5
H968,U1
H969,U2
H969,U1
H970,U3
H971,U2
H971,U3
H971,U1
H971,U4
H972,U1
H972,U4
H973,U4
H973,U3
H973,U1
H973,U5
H974,U5
H974,U2
H974,U1
H975,U3
H975,U1
H975,U2
H976,U4
H976,U2
H976,U1
H977,U5
H977,U2
H977,U4
H978,U4
H978,U2
H978,U5
H979,U1
H979,U5
H979,U2
H980,U2
H980,U4
H980,U3
H981,U1
H981,U5
H981,U4
H982,U1
H983,U2
H983,U3
H983,U1
H984,U5
H984,U4
H984,U2
H984,U1
H985,U2
H985,U4
H985,U1
H985,U3
H986,U2
H987,U1
H987,U4
H987,U2
H987,U3
H988,U5
H989,U5
H989,U3
H989,U1
H990,U2
H990,U1
H990,U4
H990,U5
H991,U5
H992,U1
H992,U3
H992,U5
H993,U1
H993,U5
H994,U2
H994,U4
H994,U1
H995,U5
H995,U4
H996,U2
H996,U3
H997,U2
H997,U5
H997,U4
H997,U1
H998,U4
H998,U1
H998,U5
H999,U2
H999,U1
H1000,U4
H1000,U2
H1000,U1
H1000,U3
H1001,U5
H1002,U5
H1002,U3
H1003,U4
H1004,U5
H1005,U1
H1006,U4
H1006,U3
H1006,U5
H1007,U5
H1007,U3
H1007,U2
H1007,U4
H1008,U4
H1008,U2
H1008,U3
H1009,U1
H1010,U1
H1010,U5
H1011,U5
H1012,U1
H1012,U2
H1012,U5
H1012,U3
H1013,U2
H1013,U3
H1013,U1
H1014,U5
H1014,U1
H1014,U4
H1015,U5
H1016,U4
H1016,U3
H1016,U2
H1017,U3
H1017,U1
H1018,U1
H1019,U2
H1019,U1
H1019,U4
H1020,U3
H1020,U4
H1020,U1
H1021,U4
H1021,U1
H1021,U5
H1022,U5
H1022,U1
H1023,U3
H1024,U4
H1024,U2
H1025,U4
H1025,U1
H1025,U3
H1025,U5
H1026,U2
H1026,U1
H1026,U5
H1027,U5
H1027,U1
H1028,U1
H1029,U1
H1029,U4
H1029,U3
H1030,U5
H1031,U1
H1031,U5
H1031,U3
H1031,U2
H1032,U3
H1032,U2
H1032,U4
H1032,U5
H1033,U4
H1033,U3
H1033,U5
H1034,U1
H1035,U1
H1035,U3
H1035,U2
H1036,U1
H1036,U5
H1037,U3
H1037,U5
H1037,U1
H1037,U2
H1038,U3
H1038,U1
H1038,U5
H1038,U4
H1039,U4
H1039,U1
H1039,U2
H1040,U5
H1040,U3
H1040,U2
H1041,U2
H1042,U1
H1043,U1
H1043,U3
H1043,U4
H1043,U5
H1044,U2
H1044,U1
H1044,U4
H1045,U2
H1046,U2
H1046,U1
H1047,U1
H1048,U3
H1048,U2
H1049,U1
H1049,U5
H1049,U2
H1049,U4
H1050,U1
H1050,U3
H1050,U2
H1051,U1
H1051,U4
H1051,U3
H1052,U2
H1053,U3
H1053,U4
H1054,U4
H1054,U1
H1055,U4
H1055,U2
H1055,U1
H1056,U3
H1056,U2
H1056,U1
H1057,U1
H1057,U3
H1057,U5
H1057,U2
H1058,U2
H1058,U5
H1058,U3
H1058,U4
H1059,U3
H1059,U2
H1059,U1
H1060,U5
H1060,U3
H1060,U2
H1060,U1
H1061,U1
H1061,U4
H1061,U5
H1061,U2
H1062,U5
H1062,U1
H1062,U3
H1063,U2
H1063,U1
H1063,U4
H1064,U1
H1064,U5
H1065,U1
H1065,U4
H1066,U3
H1066,U5
H1066,U4
H1066,U1
H1067,U2
H1067,U4
H1068,U5
H1068,U1
H1068,U4
H1068,U2
H1069,U4
H1069,U3
H1070,U5
H1070,U3
H1070,U1
H1071,U5
H1072,U4
H1072,U2
H1072,U1
H1072,U5
H1073,U2
H1073,U3
H1073,U5
H1074,U5
H1074,U2
H1075,U1
H1075,U5
H1075,U2
H1076,U5
H1076,U2
H1077,U2
H1078,U3
H1079,U5
H1079,U1
H1080,U1
H1080,U2
H1080,U4
H1081,U1
H1081,U3
H1082,U4
H1082,U3
H1082,U2
H1083,U2
H1083,U5
H1083,U4
H1084,U4
H1084,U5
H1084,U3
H1085,U4
H1085,U1
H1085,U2
H1086,U4
H1086,U1
H1086,U5
H1086,U2
H1087,U5
H1087,U4
H1087,U1
H1087,U2
H1088,U2
H1089,U4
H1089,U3
H1089,U2
H1090,U1
H1090,U4
H1091,U4
H1091,U1
H1091,U5
H1092,U1
H1092,U5
H1092,U3
H1092,U4
H1093,U4
H1093,U2
H1093,U5
H1093,U1
H1094,U5
H1094,U2
H1094,U1
H1094,U4
H1095,U3
H1095,U2
H1095,U5
H1096,U2
H1096,U3
H1096,U4
H1096,U5
H1097,U4
H1098,U4
H1099,U3
H1099,U4
H1099,U1
H1099,U2
H1100,U2
H1101,U3
H1102,U3
H1102,U5
H1103,U2
H1103,U4
H1104,U2
H1105,U2
H1105,U5
H1106,U5
H1107,U1
H1108,U4
H1109,U4
H1109,U3
H1109,U5
H1109,U1
H1110,U5
H1110,U3
H1111,U5
H1112,U2
H1113,U4
H1113,U5
H1113,U3
H1113,U1
H1114,U5
H1114,U2
H1114,U3
H1115,U3
H1116,U3
H1116,U4
H1116,U2
H1116,U1
H1117,U1
H1117,U2
H1117,U5
H1117,U3
H1118,U3
H1119,U2
H1119,U3
H1119,U1
H1119,U5
H1120,U5
H1121,U2
H1122,U3
H1122,U5
H1122,U1
H1123,U5
H1123,U1
H1124,U3
H1125,U1
H1125,U3
H1125,U5
H1126,U3
H1127,U2
H1127,U1
H1127,U5
H1128,U1
H1129,U3
H1129,U5
H1130,U4
H1130,U1
H1130,U3
H1130,U2
H1131,U4
H1131,U2
H1131,U5
H1131,U3
H1132,U4
H1132,U2
H1132,U5
H1133,U5
H1133,U2
H1134,U2
H1134,U4
H1135,U3
H1135,U1
H1136,U5
H1136,U3
H1136,U2
H1137,U5
H1138,U2
H1138,U5
H1138,U1
H1138,U4
H1139,U1
H1139,U3
H1139,U2
H1140,U3
H1140,U4
H1140,U5
H1140,U2
H1141,U2
H1142,U5
H1142,U3
H1142,U4
H1142,U2
H1143,U4
H1143,U5
H1144,U5
H1144,U1
H1145,U3
H1146,U5
H1146,U1
H1147,U3
H1148,U3
H1148,U4
H1148,U1
H1149,U3
H1149,U2
H1150,U5
H1151,U1
H1151,U5
H1152,U3
H1152,U1
H1153,U5
H1153,U4
H1153,U2
H1154,U2
H1154,U1
H1154,U5
H1155,U5
H1155,U2
H1155,U3
H1156,U3
H1157,U3
H1158,U1
H1158,U3
H1159,U4
H1159,U2
H1160,U3
H1160,U2
H1160,U4
H1160,U5
H1161,U2
H1162,U4
H1162,U5
H1162,U3
H1163,U3
H1164,U1
H1165,U5
H1166,U3
H1166,U5
H1166,U1
H1166,U4
H1167,U2
H1167,U3
H1167,U5
H1167,U1
H1168,U1
H1168,U2
H1169,U4
H1169,U2
H1170,U2
H1170,U3
H1170,U5
H1171,U3
H1172,U4
H1173,U3
H1174,U2
H1174,U1
H1174,U3
H1175,U4
H1175,U2
H1175,U1
H1176,U2
H1176,U5
H1176,U1
H1177,U5
H1178,U5
H1178,U4
H1179,U3
H1179,U2
H1180,U2
H1180,U3
H1180,U4
H1180,U1
H1181,U5
H1181,U2
H1181,U4
H1181,U3
H1182,U3
H1182,U5
H1183,U5
H1184,U3
H1184,U5
H1184,U4
H1185,U5
H1186,U4
H1187,U3
H1188,U1
H1188,U2
H1189,U2
H1189,U3
H1189,U1
H1189,U4
H1190,U3
H1190,U5
H1191,U5
H1191,U4
H1192,U3
H1193,U5
H1193,U4
H1194,U4
H1194,U2
H1194,U1
H1194,U5
H1195,U5
H1195,U4
H1195,U1
H1195,U3
H1196,U2
H1197,U4
H1198,U5
H1199,U1
H1199,U5
H1199,U4
H1200,U5
H1200,U3
H1200,U1
H1201,U4
H1201,U5
H1201,U3
H1201,U1
H1202,U5
H1203,U1
H1203,U5
H1203,U3
H1204,U3
H1204,U2
H1205,U1
H1205,U2
H1205,U4
H1206,U4
H1206,U3
H1206,U5
H1206,U1
H1207,U1
H1207,U5
H1207,U3
H1207,U4
H1208,U1
H1209,U5
H1209,U2
H1209,U3
H1209,U4
H1210,U5
H1210,U4
H1210,U3
H1211,U3
H1211,U2
H1211,U5
H1212,U3
H1212,U5
H1212,U1
H1213,U3
H1213,U2
H1213,U5
H1213,U1
H1214,U3
H1214,U5
H1214,U4
H1215,U1
H1215,U4
H1215,U5
H1216,U4
H1216,U3
H1216,U2
H1216,U5
H1217,U3
H1218,U3
H1218,U5
H1218,U1
H1219,U1
H1219,U2
H1219,U4
H1220,U4
H1220,U2
H1220,U5
H1220,U1
H1221,U5
H1221,U1
H1221,U4
H1222,U5
H1222,U1
H1222,U2
H1222,U3
H1223,U3
H1223,U5
H1223,U2
H1224,U1
H1225,U3
H1226,U2
H1226,U5
H1227,U3
H1227,U5
H1227,U4
H1228,U2
H1228,U5
H1228,U1
H1229,U5
H1229,U2
H1229,U1
H1230,U2
H1231,U2
H1232,U2
H1233,U5
H1234,U3
H1234,U5
H1234,U2
H1235,U5
H1235,U2
H1236,U2
H1236,U1
H1236,U3
H1237,U4
H1237,U2
H1237,U3
H1237,U5
H1238,U1
H1239,U5
H1239,U2
H1239,U3
H1240,U5
H1240,U2
H1240,U3
H1241,U5
H1241,U4
H1242,U3
H1242,U5
H1242,U1
H1243,U5
H1243,U2
H1243,U1
H1243,U3
H1244,U2
H1245,U3
H1245,U5
H1246,U2
H1246,U5
H1247,U3
H1248,U5
H1249,U3
H1249,U4
H1249,U5
H1249,U2
H1250,U4
H1250,U1
H1250,U5
H1251,U5
H1251,U4
H1251,U2
H1252,U5
H1253,U5
H1254,U5
H1254,U3
H1254,U2
H1254,U1
H1255,U4
H1255,U2
H1255,U1
H1256,U3
H1257,U5
H1257,U1
H1257,U4
H1258,U5
H1258,U1
H1259,U3
H1259,U5
H1259,U4
H1260,U3
H1260,U5
H1261,U2
H1261,U4
H1261,U3
H1262,U2
H1262,U1
H1262,U5
H1262,U3
H1263,U3
H1263,U2
H1264,U4
H1264,U2
H1265,U1
H1266,U5
H1267,U2
H1267,U3
H1268,U4
H1268,U2
H1268,U3
H1269,U4
H1269,U3
H1269,U2
H1270,U4
H1270,U5
H1270,U3
H1270,U1
H1271,U3
H1271,U5
H1271,U1
H1271,U4
H1272,U2
H1272,U1
H1272,U5
H1273,U4
H1273,U2
H1273,U5
H1274,U1
H1274,U3
H1274,U4
H1275,U4
H1275,U2
H1276,U4
H1276,U3
H1276,U1
H1276,U5
H1277,U4
H1277,U1
H1278,U1
H1278,U4
H1279,U5
H1279,U2
H1279,U4
H1280,U3
H1280,U2
H1281,U2
H1281,U1
H1282,U1
H1282,U5
H1283,U2
H1284,U3
H1284,U4
H1285,U1
H1285,U5
H1285,U4
H1285,U3
H1286,U3
H1287,U1
H1288,U3
H1288,U2
H1288,U5
H1289,U5
H1290,U2
H1291,U2
H1291,U3
H1291,U4
H1291,U5
H1292,U1
H1292,U2
H1292,U4
H1292,U5
H1293,U4
H1293,U2
H1293,U3
H1293,U5
H1294,U2
H1294,U1
H1295,U4
H1295,U1
H1295,U2
H1296,U1
H1297,U4
H1298,U2
H1298,U4
H1298,U5
H1299,U4
H1300,U3
H1300,U2
H1301,U3
H1301,U1
H1302,U5
H1302,U1
H1302,U3
H1302,U2
H1303,U1
H1303,U5
H1303,U2
H1303,U3
H1304,U2
H1305,U3
H1305,U4
H1305,U1
H1305,U2
H1306,U3
H1306,U1
H1306,U4
H1306,U5
H1307,U1
H1307,U5
H1307,U3
H1308,U4
H1308,U2
H1308,U5
H1308,U1
H1309,U5
H1309,U4
H1309,U2
H1309,U1
H1310,U3
H1310,U2
H1310,U4
H1311,U3
H1311,U1
H1312,U4
H1312,U2
H1312,U1
H1313,U1
H1314,U1
H1315,U3
H1316,U2
H1317,U2
H1317,U3
H1318,U1
H1319,U2
H1320,U5
H1320,U1
H1321,U3
H1321,U2
H1321,U4
H1322,U2
H1323,U5
H1323,U4
H1323,U3
H1323,U2
H1324,U5
H1324,U2
H1324,U1
H1324,U4
H1325,U1
H1326,U3
H1326,U1
H1327,U5
H1328,U5
H1328,U1
H1329,U4
H1329,U2
H1329,U1
H1329,U3
H1330,U5
H1330,U2
H1330,U3
H1330,U1
H1331,U4
H1332,U5
H1333,U1
H1333,U2
H1334,U3
H1334,U4
H1335,U3
H1336,U4
H1336,U5
H1336,U2
H1337,U1
H1338,U1
H1339,U1
H1339,U4
H1340,U5
H1340,U2
H1341,U4
H1341,U5
H1341,U2
H1341,U1
H1342,U3
H1342,U4
H1342,U1
H1343,U4
H1343,U5
H1344,U1
H1345,U4
H1345,U3
H1346,U2
H1347,U4
H1347,U1
H1348,U1
H1348,U5
H1348,U2
H1348,U4
H1349,U4
H1349,U1
H1349,U5
H1350,U2
H1350,U4
H1350,U5
H1350,U3
H1351,U1
H1351,U3
H1351,U2
H1351,U4
H1352,U3
H1352,U1
H1352,U2
H1352,U4
H1353,U4
H1353,U1
H1353,U2
H1353,U3
H1354,U4
H1354,U1
H1354,U2
H1355,U1
H1355,U4
H1355,U5
H1356,U5
H1356,U4
H1356,U3
H1357,U5
H1358,U3
H1358,U4
H1359,U4
H1359,U2
H1360,U2
H1360,U4
H1360,U3
H1361,U2
H1361,U5
H1361,U3
H1362,U4
H1363,U4
H1363,U5
H1363,U2
H1364,U4
H1364,U3
H1364,U1
H1365,U4
H1365,U1
H1365,U3
H1366,U2
H1366,U3
H1366,U4
H1367,U4
H1367,U1
H1367,U5
H1368,U5
H1368,U2
H1368,U3
H1368,U4
H1369,U2
H1369,U4
H1369,U1
H1369,U3
H1370,U2
H1370,U3
H1370,U5
H1370,U4
H1371,U2
H1372,U4
H1373,U1
H1373,U5
H1373,U4
H1374,U1
H1374,U5
H1375,U5
H1375,U4
H1375,U2
H1376,U1
H1377,U5
H1378,U4
H1379,U4
H1379,U5
H1379,U2
H1380,U5
H1380,U3
H1380,U2
H1380,U1
H1381,U2
H1381,U1
H1382,U4
H1382,U3
H1383,U2
H1384,U3
H1385,U3
H1386,U5
H1386,U2
H1386,U3
H1387,U3
H1387,U5
H1388,U3
H1388,U1
H1388,U5
H1388,U4
H1389,U1
H1389,U4
H1389,U5
H1389,U2
H1390,U4
H1390,U3
H1390,U1
H1390,U2
H1391,U3
H1391,U2
H1391,U5
H1391,U1
H1392,U2
H1392,U5
H1392,U1
H1392,U4
H1393,U1
H1393,U5
H1394,U5
H1394,U2
H1395,U4
H1395,U2
H1396,U2
H1396,U4
H1397,U2
H1397,U4
H1398,U4
H1398,U5
H1398,U2
H1399,U4
H1399,U1
H1399,U5
H1399,U3
H1400,U1
