householdId,addressId,rationCard
HH0001,AD00001,RC10000
HH0002,AD00002,RC10001
HH0003,AD00003,RC10002
HH0004,AD00004,RC10003
HH0005,AD00005,RC10004
HH0006,AD00006,RC10005
HH0007,AD00007,RC10006
HH0008,AD00008,RC10007
HH0009,AD00009,RC10008
HH0010,AD00010,RC10009
HH0011,AD00011,RC10010
HH0012,AD00012,RC10011
HH0013,AD00013,RC10012
HH0014,AD00014,RC10013
HH0015,AD00015,RC10014
HH0016,AD00016,RC10015
HH0017,AD00017,RC10016
HH0018,AD00018,RC10017
HH0019,AD00019,RC10018
HH0020,AD00020,RC10019
HH0021,AD00021,RC10020
HH0022,AD00022,RC10021
HH0023,AD00023,RC10022
HH0024,AD00024,RC10023
HH0025,AD00025,RC10024
HH0026,AD00026,RC10025
HH0027,AD00027,RC10026
HH0028,AD00028,RC10027
HH0029,AD00029,RC10028
HH0030,AD00030,RC10029
HH0031,AD00031,RC10030
HH0032,AD00032,RC10031
HH0033,AD00033,RC10032
HH0034,AD00034,RC10033
HH0035,AD00035,RC10034
HH0036,AD00036,RC10035
HH0037,AD00037,RC10036
HH0038,AD00038,RC10037
HH0039,AD00039,RC10038
HH0040,AD00040,RC10039
HH0041,AD00041,RC10040
HH0042,AD00042,RC10041
HH0043,AD00043,RC10042
HH0044,AD00044,RC10043
HH0045,AD00045,RC10044
HH0046,AD00046,RC10045
HH0047,AD00047,RC10046
HH0048,AD00048,RC10047
HH0049,AD00049,RC10048
HH0050,AD00050,RC10049
HH0051,AD00051,RC10050
HH0052,AD00052,RC10051
HH0053,AD00053,RC10052
HH0054,AD00054,RC10053
HH0055,AD00055,RC10054
HH0056,AD00056,RC10055
HH0057,AD00057,RC10056
HH0058,AD00058,RC10057
HH0059,AD00059,RC10058
HH0060,AD00060,RC10059
HH0061,AD00061,RC10060
HH0062,AD00062,RC10061
HH0063,AD00063,RC10062
HH0064,AD00064,RC10063
HH0065,AD00065,RC10064
HH0066,AD00066,RC10065
HH0067,AD00067,RC10066
HH0068,AD00068,RC10067
HH0069,AD00069,RC10068
HH0070,AD00070,RC10069
HH0071,AD00071,RC10070
HH0072,AD00072,RC10071
HH0073,AD00073,RC10072
HH0074,AD00074,RC10073
HH0075,AD00075,RC10074
HH0076,AD00076,RC10075
HH0077,AD00077,RC10076
HH0078,AD00078,RC10077
HH0079,AD00079,RC10078
HH0080,AD00080,RC10079
HH0081,AD00081,RC10080
HH0082,AD00082,RC10081
HH0083,AD00083,RC10082
HH0084,AD00084,RC10083
HH0085,AD00085,RC10084
HH0086,AD00086,RC10085
HH0087,AD00087,RC10086
HH0088,AD00088,RC10087
HH0089,AD00089,RC10088
HH0090,AD00090,RC10089
HH0091,AD00091,RC10090
HH0092,AD00092,RC10091
HH0093,AD00093,RC10092
HH0094,AD00094,RC10093
HH0095,AD00095,RC10094
HH0096,AD00096,RC10095
HH0097,AD00097,RC10096
HH0098,AD00098,RC10097
HH0099,AD00099,RC10098
HH0100,AD00100,RC10099
HH0101,AD00101,RC10100
HH0102,AD00102,RC10101
HH0103,AD00103,RC10102
HH0104,AD00104,RC10103
HH0105,AD00105,RC10104
HH0106,AD00106,RC10105
HH0107,AD00107,RC10106
HH0108,AD00108,RC10107
HH0109,AD00109,RC10108
HH0110,AD00110,RC10109
HH0111,AD00111,RC10110
HH0112,AD00112,RC10111
HH0113,AD00113,RC10112
HH0114,AD00114,RC10113
HH0115,AD00115,RC10114
HH0116,AD00116,RC10115
HH0117,AD00117,RC10116
HH0118,AD00118,RC10117
HH0119,AD00119,RC10118
HH0120,AD00120,RC10119
HH0121,AD00121,RC10120
HH0122,AD00122,RC10121
HH0123,AD00123,RC10122
HH0124,AD00124,RC10123
HH0125,AD00125,RC10124
HH0126,AD00126,RC10125
HH0127,AD00127,RC10126
HH0128,AD00128,RC10127
HH0129,AD00129,RC10128
HH0130,AD00130,RC10129
HH0131,AD00131,RC10130
HH0132,AD00132,RC10131
HH0133,AD00133,RC10132
HH0134,AD00134,RC10133
HH0135,AD00135,RC10134
HH0136,AD00136,RC10135
HH0137,AD00137,RC10136
HH0138,AD00138,RC10137
HH0139,AD00139,RC10138
HH0140,AD00140,RC10139
HH0141,AD00141,RC10140
HH0142,AD00142,RC10141
HH0143,AD00143,RC10142
HH0144,AD00144,RC10143
HH0145,AD00145,RC10144
HH0146,AD00146,RC10145
HH0147,AD00147,RC10146
HH0148,AD00148,RC10147
HH0149,AD00149,RC10148
HH0150,AD00150,RC10149
HH0151,AD00151,RC10150
HH0152,AD00152,RC10151
HH0153,AD00153,RC10152
HH0154,AD00154,RC10153
HH0155,AD00155,RC10154
HH0156,AD00156,RC10155
HH0157,AD00157,RC10156
HH0158,AD00158,RC10157
HH0159,AD00159,RC10158
HH0160,AD00160,RC10159
HH0161,AD00161,RC10160
HH0162,AD00162,RC10161
HH0163,AD00163,RC10162
HH0164,AD00164,RC10163
HH0165,AD00165,RC10164
HH0166,AD00166,RC10165
HH0167,AD00167,RC10166
HH0168,AD00168,RC10167
HH0169,AD00169,RC10168
HH0170,AD00170,RC10169
HH0171,AD00171,RC10170
HH0172,AD00172,RC10171
HH0173,AD00173,RC10172
HH0174,AD00174,RC10173
HH0175,AD00175,RC10174
HH0176,AD00176,RC10175
HH0177,AD00177,RC10176
HH0178,AD00178,RC10177
HH0179,AD00179,RC10178
HH0180,AD00180,RC10179
HH0181,AD00181,RC10180
HH0182,AD00182,RC10181
HH0183,AD00183,RC10182
HH0184,AD00184,RC10183
HH0185,AD00185,RC10184
HH0186,AD00186,RC10185
HH0187,AD00187,RC10186
HH0188,AD00188,RC10187
HH0189,AD00189,RC10188
HH0190,AD00190,RC10189
HH0191,AD00191,RC10190
HH0192,AD00192,RC10191
HH0193,AD00193,RC10192
HH0194,AD00194,RC10193
HH0195,AD00195,RC10194
HH0196,AD00196,RC10195
HH0197,AD00197,RC10196
HH0198,AD00198,RC10197
HH0199,AD00199,RC10198
HH0200,AD00200,RC10199
HH0201,AD00201,RC10200
HH0202,AD00202,RC10201
HH0203,AD00203,RC10202
HH0204,AD00204,RC10203
HH0205,AD00205,RC10204
HH0206,AD00206,RC10205
HH0207,AD00207,RC10206
HH0208,AD00208,RC10207
HH0209,AD00209,RC10208
HH0210,AD00210,RC10209
HH0211,AD00211,RC10210
HH0212,AD00212,RC10211
HH0213,AD00213,RC10212
HH0214,AD00214,RC10213
HH0215,AD00215,RC10214
HH0216,AD00216,RC10215
HH0217,AD00217,RC10216
HH0218,AD00218,RC10217
HH0219,AD00219,RC10218
HH0220,AD00220,RC10219
HH0221,AD00221,RC10220
HH0222,AD00222,RC10221
HH0223,AD00223,RC10222
HH0224,AD00224,RC10223
HH0225,AD00225,RC10224
HH0226,AD00226,RC10225
HH0227,AD00227,RC10226
HH0228,AD00228,RC10227
HH0229,AD00229,RC10228
HH0230,AD00230,RC10229
HH0231,AD00231,RC10230
HH0232,AD00232,RC10231
HH0233,AD00233,RC10232
HH0234,AD00234,RC10233
HH0235,AD00235,RC10234
HH0236,AD00236,RC10235
HH0237,AD00237,RC10236
HH0238,AD00238,RC10237
HH0239,AD00239,RC10238
HH0240,AD00240,RC10239
HH0241,AD00241,RC10240
HH0242,AD00242,RC10241
HH0243,AD00243,RC10242
HH0244,AD00244,RC10243
HH0245,AD00245,RC10244
HH0246,AD00246,RC10245
HH0247,AD00247,RC10246
HH0248,AD00248,RC10247
HH0249,AD00249,RC10248
HH0250,AD00250,RC10249
HH0251,AD00251,RC10250
HH0252,AD00252,RC10251
HH0253,AD00253,RC10252
HH0254,AD00254,RC10253
HH0255,AD00255,RC10254
HH0256,AD00256,RC10255
HH0257,AD00257,RC10256
HH0258,AD00258,RC10257
HH0259,AD00259,RC10258
HH0260,AD00260,RC10259
HH0261,AD00261,RC10260
HH0262,AD00262,RC10261
HH0263,AD00263,RC10262
HH0264,AD00264,RC10263
HH0265,AD00265,RC10264
HH0266,AD00266,RC10265
HH0267,AD00267,RC10266
HH0268,AD00268,RC10267
HH0269,AD00269,RC10268
HH0270,AD00270,RC10269
HH0271,AD00271,RC10270
HH0272,AD00272,RC10271
HH0273,AD00273,RC10272
HH0274,AD00274,RC10273
HH0275,AD00275,RC10274
HH0276,AD00276,RC10275
HH0277,AD00277,RC10276
HH0278,AD00278,RC10277
HH0279,AD00279,RC10278
HH0280,AD00280,RC10279
HH0281,AD00281,RC10280
HH0282,AD00282,RC10281
HH0283,AD00283,RC10282
HH0284,AD00284,RC10283
HH0285,AD00285,RC10284
HH0286,AD00286,RC10285
HH0287,AD00287,RC10286
HH0288,AD00288,RC10287
HH0289,AD00289,RC10288
HH0290,AD00290,RC10289
HH0291,AD00291,RC10290
HH0292,AD00292,RC10291
HH0293,AD00293,RC10292
HH0294,AD00294,RC10293
HH0295,AD00295,RC10294
HH0296,AD00296,RC10295
HH0297,AD00297,RC10296
HH0298,AD00298,RC10297
HH0299,AD00299,RC10298
HH0300,AD00300,RC10299
HH0301,AD00301,RC10300
HH0302,AD00302,RC10301
HH0303,AD00303,RC10302
HH0304,AD00304,RC10303
HH0305,AD00305,RC10304
HH0306,AD00306,RC10305
HH0307,AD00307,RC10306
HH0308,AD00308,RC10307
HH0309,AD00309,RC10308
HH0310,AD00310,RC10309
HH0311,AD00311,RC10310
HH0312,AD00312,RC10311
HH0313,AD00313,RC10312
HH0314,AD00314,RC10313
HH0315,AD00315,RC10314
HH0316,AD00316,RC10315
HH0317,AD00317,RC10316
HH0318,AD00318,RC10317
HH0319,AD00319,RC10318
HH0320,AD00320,RC10319
HH0321,AD00321,RC10320
HH0322,AD00322,RC10321
HH0323,AD00323,RC10322
HH0324,AD00324,RC10323
HH0325,AD00325,RC10324
HH0326,AD00326,RC10325
HH0327,AD00327,RC10326
HH0328,AD00328,RC10327
HH0329,AD00329,RC10328
HH0330,AD00330,RC10329
HH0331,AD00331,RC10330
HH0332,AD00332,RC10331
HH0333,AD00333,RC10332
HH0334,AD00334,RC10333
HH0335,AD00335,RC10334
HH0336,AD00336,RC10335
HH0337,AD00337,RC10336
HH0338,AD00338,RC10337
HH0339,AD00339,RC10338
HH0340,AD00340,RC10339
HH0341,AD00341,RC10340
HH0342,AD00342,RC10341
HH0343,AD00343,RC10342
HH0344,AD00344,RC10343
HH0345,AD00345,RC10344
HH0346,AD00346,RC10345
HH0347,AD00347,RC10346
HH0348,AD00348,RC10347
HH0349,AD00349,RC10348
HH0350,AD00350,RC10349
HH0351,AD00351,RC10350
HH0352,AD00352,RC10351
HH0353,AD00353,RC10352
HH0354,AD00354,RC10353
HH0355,AD00355,RC10354
HH0356,AD00356,RC10355
HH0357,AD00357,RC10356
HH0358,AD00358,RC10357
HH0359,AD00359,RC10358
HH0360,AD00360,RC10359
HH0361,AD00361,RC10360
HH0362,AD00362,RC10361
HH0363,AD00363,RC10362
HH0364,AD00364,RC10363
HH0365,AD00365,RC10364
HH0366,AD00366,RC10365
HH0367,AD00367,RC10366
HH0368,AD00368,RC10367
HH0369,AD00369,RC10368
HH0370,AD00370,RC10369
HH0371,AD00371,RC10370
HH0372,AD00372,RC10371
HH0373,AD00373,RC10372
HH0374,AD00374,RC10373
HH0375,AD00375,RC10374
HH0376,AD00376,RC10375
HH0377,AD00377,RC10376
HH0378,AD00378,RC10377
HH0379,AD00379,RC10378
HH0380,AD00380,RC10379
HH0381,AD00381,RC10380
HH0382,AD00382,RC10381
HH0383,AD00383,RC10382
HH0384,AD00384,RC10383
HH0385,AD00385,RC10384
HH0386,AD00386,RC10385
HH0387,AD00387,RC10386
HH0388,AD00388,RC10387
HH0389,AD00389,RC10388
HH0390,AD00390,RC10389
HH0391,AD00391,RC10390
HH0392,AD00392,RC10391
HH0393,AD00393,RC10392
HH0394,AD00394,RC10393
HH0395,AD00395,RC10394
HH0396,AD00396,RC10395
HH0397,AD00397,RC10396
HH0398,AD00398,RC10397
HH0399,AD00399,RC10398
HH0400,AD00400,RC10399
HH0401,AD00401,RC10400
HH0402,AD00402,RC10401
HH0403,AD00403,RC10402
HH0404,AD00404,RC10403
HH0405,AD00405,RC10404
HH0406,AD00406,RC10405
HH0407,AD00407,RC10406
HH0408,AD00408,RC10407
HH0409,AD00409,RC10408
HH0410,AD00410,RC10409
HH0411,AD00411,RC10410
HH0412,AD00412,RC10411
HH0413,AD00413,RC10412
HH0414,AD00414,RC10413
HH0415,AD00415,RC10414
HH0416,AD00416,RC10415
HH0417,AD00417,RC10416
HH0418,AD00418,RC10417
HH0419,AD00419,RC10418
HH0420,AD00420,RC10419
HH0421,AD00421,RC10420
HH0422,AD00422,RC10421
HH0423,AD00423,RC10422
HH0424,AD00424,RC10423
HH0425,AD00425,RC10424
HH0426,AD00426,RC10425
HH0427,AD00427,RC10426
HH0428,AD00428,RC10427
HH0429,AD00429,RC10428
HH0430,AD00430,RC10429
HH0431,AD00431,RC10430
HH0432,AD00432,RC10431
HH0433,AD00433,RC10432
HH0434,AD00434,RC10433
HH0435,AD00435,RC10434
HH0436,AD00436,RC10435
HH0437,AD00437,RC10436
HH0438,AD00438,RC10437
HH0439,AD00439,RC10438
HH0440,AD00440,RC10439
HH0441,AD00441,RC10440
HH0442,AD00442,RC10441
HH0443,AD00443,RC10442
HH0444,AD00444,RC10443
HH0445,AD00445,RC10444
HH0446,AD00446,RC10445
HH0447,AD00447,RC10446
HH0448,AD00448,RC10447
HH0449,AD00449,RC10448
HH0450,AD00450,RC10449
HH0451,AD00451,RC10450
HH0452,AD00452,RC10451
HH0453,AD00453,RC10452
HH0454,AD00454,RC10453
HH0455,AD00455,RC10454
HH0456,AD00456,RC10455
HH0457,AD00457,RC10456
HH0458,AD00458,RC10457
HH0459,AD00459,RC10458
HH0460,AD00460,RC10459
HH0461,AD00461,RC10460
HH0462,AD00462,RC10461
HH0463,AD00463,RC10462
HH0464,AD00464,RC10463
HH0465,AD00465,RC10464
HH0466,AD00466,RC10465
HH0467,AD00467,RC10466
HH0468,AD00468,RC10467
HH0469,AD00469,RC10468
HH0470,AD00470,RC10469
HH0471,AD00471,RC10470
HH0472,AD00472,RC10471
HH0473,AD00473,RC10472
HH0474,AD00474,RC10473
HH0475,AD00475,RC10474
HH0476,AD00476,RC10475
HH0477,AD00477,RC10476
HH0478,AD00478,RC10477
HH0479,AD00479,RC10478
HH0480,AD00480,RC10479
HH0481,AD00481,RC10480
HH0482,AD00482,RC10481
HH0483,AD00483,RC10482
HH0484,AD00484,RC10483
HH0485,AD00485,RC10484
HH0486,AD00486,RC10485
HH0487,AD00487,RC10486
HH0488,AD00488,RC10487
HH0489,AD00489,RC10488
HH0490,AD00490,RC10489
HH0491,AD00491,RC10490
HH0492,AD00492,RC10491
HH0493,AD00493,RC10492
HH0494,AD00494,RC10493
HH0495,AD00495,RC10494
HH0496,AD00496,RC10495
HH0497,AD00497,RC10496
HH0498,AD00498,RC10497
HH0499,AD00499,RC10498
HH0500,AD00500,RC10499
HH0501,AD00501,RC10500
HH0502,AD00502,RC10501
HH0503,AD00503,RC10502
HH0504,AD00504,RC10503
HH0505,AD00505,RC10504
HH0506,AD00506,RC10505
HH0507,AD00507,RC10506
HH0508,AD00508,RC10507
HH0509,AD00509,RC10508
HH0510,AD00510,RC10509
HH0511,AD00511,RC10510
HH0512,AD00512,RC10511
HH0513,AD00513,RC10512
HH0514,AD00514,RC10513
HH0515,AD00515,RC10514
HH0516,AD00516,RC10515
HH0517,AD00517,RC10516
HH0518,AD00518,RC10517
HH0519,AD00519,RC10518
HH0520,AD00520,RC10519
HH0521,AD00521,RC10520
HH0522,AD00522,RC10521
HH0523,AD00523,RC10522
HH0524,AD00524,RC10523
HH0525,AD00525,RC10524
HH0526,AD00526,RC10525
HH0527,AD00527,RC10526
HH0528,AD00528,RC10527
HH0529,AD00529,RC10528
HH0530,AD00530,RC10529
HH0531,AD00531,RC10530
HH0532,AD00532,RC10531
HH0533,AD00533,RC10532
HH0534,AD00534,RC10533
HH0535,AD00535,RC10534
HH0536,AD00536,RC10535
HH0537,AD00537,RC10536
HH0538,AD00538,RC10537
HH0539,AD00539,RC10538
HH0540,AD00540,RC10539
HH0541,AD00541,RC10540
HH0542,AD00542,RC10541
HH0543,AD00543,RC10542
HH0544,AD00544,RC10543
HH0545,AD00545,RC10544
HH0546,AD00546,RC10545
HH0547,AD00547,RC10546
HH0548,AD00548,RC10547
HH0549,AD00549,RC10548
HH0550,AD00550,RC10549
HH0551,AD00551,RC10550
HH0552,AD00552,RC10551
HH0553,AD00553,RC10552
HH0554,AD00554,RC10553
HH0555,AD00555,RC10554
HH0556,AD00556,RC10555
HH0557,AD00557,RC10556
HH0558,AD00558,RC10557
HH0559,AD00559,RC10558
HH0560,AD00560,RC10559
HH0561,AD00561,RC10560
HH0562,AD00562,RC10561
HH0563,AD00563,RC10562
HH0564,AD00564,RC10563
HH0565,AD00565,RC10564
HH0566,AD00566,RC10565
HH0567,AD00567,RC10566
HH0568,AD00568,RC10567
HH0569,AD00569,RC10568
HH0570,AD00570,RC10569
HH0571,AD00571,RC10570
HH0572,AD00572,RC10571
HH0573,AD00573,RC10572
HH0574,AD00574,RC10573
HH0575,AD00575,RC10574
HH0576,AD00576,RC10575
HH0577,AD00577,RC10576
HH0578,AD00578,RC10577
HH0579,AD00579,RC10578
HH0580,AD00580,RC10579
HH0581,AD00581,RC10580
HH0582,AD00582,RC10581
HH0583,AD00583,RC10582
HH0584,AD00584,RC10583
HH0585,AD00585,RC10584
HH0586,AD00586,RC10585
HH0587,AD00587,RC10586
HH0588,AD00588,RC10587
HH0589,AD00589,RC10588
HH0590,AD00590,RC10589
HH0591,AD00591,RC10590
HH0592,AD00592,RC10591
HH0593,AD00593,RC10592
HH0594,AD00594,RC10593
HH0595,AD00595,RC10594
HH0596,AD00596,RC10595
HH0597,AD00597,RC10596
HH0598,AD00598,RC10597
HH0599,AD00599,RC10598
HH0600,AD00600,RC10599
HH0601,AD00601,RC10600
HH0602,AD00602,RC10601
HH0603,AD00603,RC10602
HH0604,AD00604,RC10603
HH0605,AD00605,RC10604
HH0606,AD00606,RC10605
HH0607,AD00607,RC10606
HH0608,AD00608,RC10607
HH0609,AD00609,RC10608
HH0610,AD00610,RC10609
HH0611,AD00611,RC10610
HH0612,AD00612,RC10611
HH0613,AD00613,RC10612
HH0614,AD00614,RC10613
HH0615,AD00615,RC10614
HH0616,AD00616,RC10615
HH0617,AD00617,RC10616
HH0618,AD00618,RC10617
HH0619,AD00619,RC10618
HH0620,AD00620,RC10619
HH0621,AD00621,RC10620
HH0622,AD00622,RC10621
HH0623,AD00623,RC10622
HH0624,AD00624,RC10623
HH0625,AD00625,RC10624
HH0626,AD00626,RC10625
HH0627,AD00627,RC10626
HH0628,AD00628,RC10627
HH0629,AD00629,RC10628
HH0630,AD00630,RC10629
HH0631,AD00631,RC10630
HH0632,AD00632,RC10631
HH0633,AD00633,RC10632
HH0634,AD00634,RC10633
HH0635,AD00635,RC10634
HH0636,AD00636,RC10635
HH0637,AD00637,RC10636
HH0638,AD00638,RC10637
HH0639,AD00639,RC10638
HH0640,AD00640,RC10639
HH0641,AD00641,RC10640
HH0642,AD00642,RC10641
HH0643,AD00643,RC10642
HH0644,AD00644,RC10643
HH0645,AD00645,RC10644
HH0646,AD00646,RC10645
HH0647,AD00647,RC10646
HH0648,AD00648,RC10647
HH0649,AD00649,RC10648
HH0650,AD00650,RC10649
HH0651,AD00651,RC10650
HH0652,AD00652,RC10651
HH0653,AD00653,RC10652
HH0654,AD00654,RC10653
HH0655,AD00655,RC10654
HH0656,AD00656,RC10655
HH0657,AD00657,RC10656
HH0658,AD00658,RC10657
HH0659,AD00659,RC10658
HH0660,AD00660,RC10659
HH0661,AD00661,RC10660
HH0662,AD00662,RC10661
HH0663,AD00663,RC10662
HH0664,AD00664,RC10663
HH0665,AD00665,RC10664
HH0666,AD00666,RC10665
HH0667,AD00667,RC10666
HH0668,AD00668,RC10667
HH0669,AD00669,RC10668
HH0670,AD00670,RC10669
HH0671,AD00671,RC10670
HH0672,AD00672,RC10671
HH0673,AD00673,RC10672
HH0674,AD00674,RC10673
HH0675,AD00675,RC10674
HH0676,AD00676,RC10675
HH0677,AD00677,RC10676
HH0678,AD00678,RC10677
HH0679,AD00679,RC10678
HH0680,AD00680,RC10679
HH0681,AD00681,RC10680
HH0682,AD00682,RC10681
HH0683,AD00683,RC10682
HH0684,AD00684,RC10683
HH0685,AD00685,RC10684
HH0686,AD00686,RC10685
HH0687,AD00687,RC10686
HH0688,AD00688,RC10687
HH0689,AD00689,RC10688
HH0690,AD00690,RC10689
HH0691,AD00691,RC10690
HH0692,AD00692,RC10691
HH0693,AD00693,RC10692
HH0694,AD00694,RC10693
HH0695,AD00695,RC10694
HH0696,AD00696,RC10695
HH0697,AD00697,RC10696
HH0698,AD00698,RC10697
HH0699,AD00699,RC10698
HH0700,AD00700,RC10699
HH0701,AD00701,RC10700
HH0702,AD00702,RC10701
HH0703,AD00703,RC10702
HH0704,AD00704,RC10703
HH0705,AD00705,RC10704
HH0706,AD00706,RC10705
HH0707,AD00707,RC10706
HH0708,AD00708,RC10707
HH0709,AD00709,RC10708
HH0710,AD00710,RC10709
HH0711,AD00711,RC10710
HH0712,AD00712,RC10711
HH0713,AD00713,RC10712
HH0714,AD00714,RC10713
HH0715,AD00715,RC10714
HH0716,AD00716,RC10715
HH0717,AD00717,RC10716
HH0718,AD00718,RC10717
HH0719,AD00719,RC10718
HH0720,AD00720,RC10719
HH0721,AD00721,RC10720
HH0722,AD00722,RC10721
HH0723,AD00723,RC10722
HH0724,AD00724,RC10723
HH0725,AD00725,RC10724
HH0726,AD00726,RC10725
HH0727,AD00727,RC10726
HH0728,AD00728,RC10727
HH0729,AD00729,RC10728
HH0730,AD00730,RC10729
HH0731,AD00731,RC10730
HH0732,AD00732,RC10731
HH0733,AD00733,RC10732
HH0734,AD00734,RC10733
HH0735,AD00735,RC10734
HH0736,AD00736,RC10735
HH0737,AD00737,RC10736
HH0738,AD00738,RC10737
HH0739,AD00739,RC10738
HH0740,AD00740,RC10739
HH0741,AD00741,RC10740
HH0742,AD00742,RC10741
HH0743,AD00743,RC10742
HH0744,AD00744,RC10743
HH0745,AD00745,RC10744
HH0746,AD00746,RC10745
HH0747,AD00747,RC10746
HH0748,AD00748,RC10747
HH0749,AD00749,RC10748
HH0750,AD00750,RC10749
HH0751,AD00751,RC10750
HH0752,AD00752,RC10751
HH0753,AD00753,RC10752
HH0754,AD00754,RC10753
HH0755,AD00755,RC10754
HH0756,AD00756,RC10755
HH0757,AD00757,RC10756
HH0758,AD00758,RC10757
HH0759,AD00759,RC10758
HH0760,AD00760,RC10759
HH0761,AD00761,RC10760
HH0762,AD00762,RC10761
HH0763,AD00763,RC10762
HH0764,AD00764,RC10763
HH0765,AD00765,RC10764
HH0766,AD00766,RC10765
HH0767,AD00767,RC10766
HH0768,AD00768,RC10767
HH0769,AD00769,RC10768
HH0770,AD00770,RC10769
HH0771,AD00771,RC10770
HH0772,AD00772,RC10771
HH0773,AD00773,RC10772
HH0774,AD00774,RC10773
HH0775,AD00775,RC10774
HH0776,AD00776,RC10775
HH0777,AD00777,RC10776
HH0778,AD00778,RC10777
HH0779,AD00779,RC10778
HH0780,AD00780,RC10779
HH0781,AD00781,RC10780
HH0782,AD00782,RC10781
HH0783,AD00783,RC10782
HH0784,AD00784,RC10783
HH0785,AD00785,RC10784
HH0786,AD00786,RC10785
HH0787,AD00787,RC10786
HH0788,AD00788,RC10787
HH0789,AD00789,RC10788
HH0790,AD00790,RC10789
HH0791,AD00791,RC10790
HH0792,AD00792,RC10791
HH0793,AD00793,RC10792
HH0794,AD00794,RC10793
HH0795,AD00795,RC10794
HH0796,AD00796,RC10795
HH0797,AD00797,RC10796
HH0798,AD00798,RC10797
HH0799,AD00799,RC10798
HH0800,AD00800,RC10799
HH0801,AD00801,RC10800
HH0802,AD00802,RC10801
HH0803,AD00803,RC10802
HH0804,AD00804,RC10803
HH0805,AD00805,RC10804
HH0806,AD00806,RC10805
HH0807,AD00807,RC10806
HH0808,AD00808,RC10807
HH0809,AD00809,RC10808
HH0810,AD00810,RC10809
HH0811,AD00811,RC10810
HH0812,AD00812,RC10811
HH0813,AD00813,RC10812
HH0814,AD00814,RC10813
HH0815,AD00815,RC10814
HH0816,AD00816,RC10815
HH0817,AD00817,RC10816
HH0818,AD00818,RC10817
HH0819,AD00819,RC10818
HH0820,AD00820,RC10819
HH0821,AD00821,RC10820
HH0822,AD00822,RC10821
HH0823,AD00823,RC10822
HH0824,AD00824,RC10823
HH0825,AD00825,RC10824
HH0826,AD00826,RC10825
HH0827,AD00827,RC10826
HH0828,AD00828,RC10827
HH0829,AD00829,RC10828
HH0830,AD00830,RC10829
HH0831,AD00831,RC10830
HH0832,AD00832,RC10831
HH0833,AD00833,RC10832
HH0834,AD00834,RC10833
HH0835,AD00835,RC10834
HH0836,AD00836,RC10835
HH0837,AD00837,RC10836
HH0838,AD00838,RC10837
HH0839,AD00839,RC10838
HH0840,AD00840,RC10839
HH0841,AD00841,RC10840
HH0842,AD00842,RC10841
HH0843,AD00843,RC10842
HH0844,AD00844,RC10843
HH0845,AD00845,RC10844
HH0846,AD00846,RC10845
HH0847,AD00847,RC10846
HH0848,AD00848,RC10847
HH0849,AD00849,RC10848
HH0850,AD00850,RC10849
HH0851,AD00851,RC10850
HH0852,AD00852,RC10851
HH0853,AD00853,RC10852
HH0854,AD00854,RC10853
HH0855,AD00855,RC10854
HH0856,AD00856,RC10855
HH0857,AD00857,RC10856
HH0858,AD00858,RC10857
HH0859,AD00859,RC10858
HH0860,AD00860,RC10859
HH0861,AD00861,RC10860
HH0862,AD00862,RC10861
HH0863,AD00863,RC10862
HH0864,AD00864,RC10863
HH0865,AD00865,RC10864
HH0866,AD00866,RC10865
HH0867,AD00867,RC10866
HH0868,AD00868,RC10867
HH0869,AD00869,RC10868
HH0870,AD00870,RC10869
HH0871,AD00871,RC10870
HH0872,AD00872,RC10871
HH0873,AD00873,RC10872
HH0874,AD00874,RC10873
HH0875,AD00875,RC10874
HH0876,AD00876,RC10875
HH0877,AD00877,RC10876
HH0878,AD00878,RC10877
HH0879,AD00879,RC10878
HH0880,AD00880,RC10879
HH0881,AD00881,RC10880
HH0882,AD00882,RC10881
HH0883,AD00883,RC10882
HH0884,AD00884,RC10883
HH0885,AD00885,RC10884
HH0886,AD00886,RC10885
HH0887,AD00887,RC10886
HH0888,AD00888,RC10887
HH0889,AD00889,RC10888
HH0890,AD00890,RC10889
HH0891,AD00891,RC10890
HH0892,AD00892,RC10891
HH0893,AD00893,RC10892
HH0894,AD00894,RC10893
HH0895,AD00895,RC10894
HH0896,AD00896,RC10895
HH0897,AD00897,RC10896
HH0898,AD00898,RC10897
HH0899,AD00899,RC10898
HH0900,AD00900,RC10899
HH0901,AD00901,RC10900
HH0902,AD00902,RC10901
HH0903,AD00903,RC10902
HH0904,AD00904,RC10903
HH0905,AD00905,RC10904
HH0906,AD00906,RC10905
HH0907,AD00907,RC10906
HH0908,AD00908,RC10907
HH0909,AD00909,RC10908
HH0910,AD00910,RC10909
HH0911,AD00911,RC10910
HH0912,AD00912,RC10911
HH0913,AD00913,RC10912
HH0914,AD00914,RC10913
HH0915,AD00915,RC10914
HH0916,AD00916,RC10915
HH0917,AD00917,RC10916
HH0918,AD00918,RC10917
HH0919,AD00919,RC10918
HH0920,AD00920,RC10919
HH0921,AD00921,RC10920
HH0922,AD00922,RC10921
HH0923,AD00923,RC10922
HH0924,AD00924,RC10923
HH0925,AD00925,RC10924
HH0926,AD00926,RC10925
HH0927,AD00927,RC10926
HH0928,AD00928,RC10927
HH0929,AD00929,RC10928
HH0930,AD00930,RC10929
HH0931,AD00931,RC10930
HH0932,AD00932,RC10931
HH0933,AD00933,RC10932
HH0934,AD00934,RC10933
HH0935,AD00935,RC10934
HH0936,AD00936,RC10935
HH0937,AD00937,RC10936
HH0938,AD00938,RC10937
HH0939,AD00939,RC10938
HH0940,AD00940,RC10939
HH0941,AD00941,RC10940
HH0942,AD00942,RC10941
HH0943,AD00943,RC10942
HH0944,AD00944,RC10943
HH0945,AD00945,RC10944
HH0946,AD00946,RC10945
HH0947,AD00947,RC10946
HH0948,AD00948,RC10947
HH0949,AD00949,RC10948
HH0950,AD00950,RC10949
HH0951,AD00951,RC10950
HH0952,AD00952,RC10951
HH0953,AD00953,RC10952
HH0954,AD00954,RC10953
HH0955,AD00955,RC10954
HH0956,AD00956,RC10955
HH0957,AD00957,RC10956
HH0958,AD00958,RC10957
HH0959,AD00959,RC10958
HH0960,AD00960,RC10959
HH0961,AD00961,RC10960
HH0962,AD00962,RC10961
HH0963,AD00963,RC10962
HH0964,AD00964,RC10963
HH0965,AD00965,RC10964
HH0966,AD00966,RC10965
HH0967,AD00967,RC10966
HH0968,AD00968,RC10967
HH0969,AD00969,RC10968
HH0970,AD00970,RC10969
HH0971,AD00971,RC10970
HH0972,AD00972,RC10971
HH0973,AD00973,RC10972
HH0974,AD00974,RC10973
HH0975,AD00975,RC10974
HH0976,AD00976,RC10975
HH0977,AD00977,RC10976
HH0978,AD00978,RC10977
HH0979,AD00979,RC10978
HH0980,AD00980,RC10979
HH0981,AD00981,RC10980
HH0982,AD00982,RC10981
HH0983,AD00983,RC10982
HH0984,AD00984,RC10983
HH0985,AD00985,RC10984
HH0986,AD00986,RC10985
HH0987,AD00987,RC10986
HH0988,AD00988,RC10987
HH0989,AD00989,RC10988
HH0990,AD00990,RC10989
HH0991,AD00991,RC10990
HH0992,AD00992,RC10991
HH0993,AD00993,RC10992
HH0994,AD00994,RC10993
HH0995,AD00995,RC10994
HH0996,AD00996,RC10995
HH0997,AD00997,RC10996
HH0998,AD00998,RC10997
HH0999,AD00999,RC10998
HH1000,AD01000,RC10999
HH1001,AD01001,RC11000
HH1002,AD01002,RC11001
HH1003,AD01003,RC11002
HH1004,AD01004,RC11003
HH1005,AD01005,RC11004
HH1006,AD01006,RC11005
HH1007,AD01007,RC11006
HH1008,AD01008,RC11007
HH1009,AD01009,RC11008
HH1010,AD01010,RC11009
HH1011,AD01011,RC11010
HH1012,AD01012,RC11011
HH1013,AD01013,RC11012
HH1014,AD01014,RC11013
HH1015,AD01015,RC11014
HH1016,AD01016,RC11015
HH1017,AD01017,RC11016
HH1018,AD01018,RC11017
HH1019,AD01019,RC11018
HH1020,AD01020,RC11019
HH1021,AD01021,RC11020
HH1022,AD01022,RC11021
HH1023,AD01023,RC11022
HH1024,AD01024,RC11023
HH1025,AD01025,RC11024
HH1026,AD01026,RC11025
HH1027,AD01027,RC11026
HH1028,AD01028,RC11027
HH1029,AD01029,RC11028
HH1030,AD01030,RC11029
HH1031,AD01031,RC11030
HH1032,AD01032,RC11031
HH1033,AD01033,RC11032
HH1034,AD01034,RC11033
HH1035,AD01035,RC11034
HH1036,AD01036,RC11035
HH1037,AD01037,RC11036
HH1038,AD01038,RC11037
HH1039,AD01039,RC11038
HH1040,AD01040,RC11039
HH1041,AD01041,RC11040
HH1042,AD01042,RC11041
HH1043,AD01043,RC11042
HH1044,AD01044,RC11043
HH1045,AD01045,RC11044
HH1046,AD01046,RC11045
HH1047,AD01047,RC11046
HH1048,AD01048,RC11047
HH1049,AD01049,RC11048
HH1050,AD01050,RC11049
HH1051,AD01051,RC11050
HH1052,AD01052,RC11051
HH1053,AD01053,RC11052
HH1054,AD01054,RC11053
HH1055,AD01055,RC11054
HH1056,AD01056,RC11055
HH1057,AD01057,RC11056
HH1058,AD01058,RC11057
HH1059,AD01059,RC11058
HH1060,AD01060,RC11059
HH1061,AD01061,RC11060
HH1062,AD01062,RC11061
HH1063,AD01063,RC11062
HH1064,AD01064,RC11063
HH1065,AD01065,RC11064
HH1066,AD01066,RC11065
HH1067,AD01067,RC11066
HH1068,AD01068,RC11067
HH1069,AD01069,RC11068
HH1070,AD01070,RC11069
HH1071,AD01071,RC11070
HH1072,AD01072,RC11071
HH1073,AD01073,RC11072
HH1074,AD01074,RC11073
HH1075,AD01075,RC11074
HH1076,AD01076,RC11075
HH1077,AD01077,RC11076
HH1078,AD01078,RC11077
HH1079,AD01079,RC11078
HH1080,AD01080,RC11079
HH1081,AD01081,RC11080
HH1082,AD01082,RC11081
HH1083,AD01083,RC11082
HH1084,AD01084,RC11083
HH1085,AD01085,RC11084
HH1086,AD01086,RC11085
HH1087,AD01087,RC11086
HH1088,AD01088,RC11087
HH1089,AD01089,RC11088
HH1090,AD01090,RC11089
HH1091,AD01091,RC11090
HH1092,AD01092,RC11091
HH1093,AD01093,RC11092
HH1094,AD01094,RC11093
HH1095,AD01095,RC11094
HH1096,AD01096,RC11095
HH1097,AD01097,RC11096
HH1098,AD01098,RC11097
HH1099,AD01099,RC11098
HH1100,AD01100,RC11099
HH1101,AD01101,RC11100
HH1102,AD01102,RC11101
HH1103,AD01103,RC11102
HH1104,AD01104,RC11103
HH1105,AD01105,RC11104
HH1106,AD01106,RC11105
HH1107,AD01107,RC11106
HH1108,AD01108,RC11107
HH1109,AD01109,RC11108
HH1110,AD01110,RC11109
HH1111,AD01111,RC11110
HH1112,AD01112,RC11111
HH1113,AD01113,RC11112
HH1114,AD01114,RC11113
HH1115,AD01115,RC11114
HH1116,AD01116,RC11115
HH1117,AD01117,RC11116
HH1118,AD01118,RC11117
HH1119,AD01119,RC11118
HH1120,AD01120,RC11119
HH1121,AD01121,RC11120
HH1122,AD01122,RC11121
HH1123,AD01123,RC11122
HH1124,AD01124,RC11123
HH1125,AD01125,RC11124
HH1126,AD01126,RC11125
HH1127,AD01127,RC11126
HH1128,AD01128,RC11127
HH1129,AD01129,RC11128
HH1130,AD01130,RC11129
HH1131,AD01131,RC11130
HH1132,AD01132,RC11131
HH1133,AD01133,RC11132
HH1134,AD01134,RC11133
HH1135,AD01135,RC11134
HH1136,AD01136,RC11135
HH1137,AD01137,RC11136
HH1138,AD01138,RC11137
HH1139,AD01139,RC11138
HH1140,AD01140,RC11139
HH1141,AD01141,RC11140
HH1142,AD01142,RC11141
HH1143,AD01143,RC11142
HH1144,AD01144,RC11143
HH1145,AD01145,RC11144
HH1146,AD01146,RC11145
HH1147,AD01147,RC11146
HH1148,AD01148,RC11147
HH1149,AD01149,RC11148
HH1150,AD01150,RC11149
HH1151,AD01151,RC11150
HH1152,AD01152,RC11151
HH1153,AD01153,RC11152
HH1154,AD01154,RC11153
HH1155,AD01155,RC11154
HH1156,AD01156,RC11155
HH1157,AD01157,RC11156
HH1158,AD01158,RC11157
HH1159,AD01159,RC11158
HH1160,AD01160,RC11159
HH1161,AD01161,RC11160
HH1162,AD01162,RC11161
HH1163,AD01163,RC11162
HH1164,AD01164,RC11163
HH1165,AD01165,RC11164
HH1166,AD01166,RC11165
HH1167,AD01167,RC11166
HH1168,AD01168,RC11167
HH1169,AD01169,RC11168
HH1170,AD01170,RC11169
HH1171,AD01171,RC11170
HH1172,AD01172,RC11171
HH1173,AD01173,RC11172
HH1174,AD01174,RC11173
HH1175,AD01175,RC11174
HH1176,AD01176,RC11175
HH1177,AD01177,RC11176
HH1178,AD01178,RC11177
HH1179,AD01179,RC11178
HH1180,AD01180,RC11179
HH1181,AD01181,RC11180
HH1182,AD01182,RC11181
HH1183,AD01183,RC11182
HH1184,AD01184,RC11183
HH1185,AD01185,RC11184
HH1186,AD01186,RC11185
HH1187,AD01187,RC11186
HH1188,AD01188,RC11187
HH1189,AD01189,RC11188
HH1190,AD01190,RC11189
HH1191,AD01191,RC11190
HH1192,AD01192,RC11191
HH1193,AD01193,RC11192
HH1194,AD01194,RC11193
HH1195,AD01195,RC11194
HH1196,AD01196,RC11195
HH1197,AD01197,RC11196
HH1198,AD01198,RC11197
HH1199,AD01199,RC11198
HH1200,AD01200,RC11199
HH1201,AD01201,RC11200
HH1202,AD01202,RC11201
HH1203,AD01203,RC11202
HH1204,AD01204,RC11203
HH1205,AD01205,RC11204
HH1206,AD01206,RC11205
HH1207,AD01207,RC11206
HH1208,AD01208,RC11207
HH1209,AD01209,RC11208
HH1210,AD01210,RC11209
HH1211,AD01211,RC11210
HH1212,AD01212,RC11211
HH1213,AD01213,RC11212
HH1214,AD01214,RC11213
HH1215,AD01215,RC11214
HH1216,AD01216,RC11215
HH1217,AD01217,RC11216
HH1218,AD01218,RC11217
HH1219,AD01219,RC11218
HH1220,AD01220,RC11219
HH1221,AD01221,RC11220
HH1222,AD01222,RC11221
HH1223,AD01223,RC11222
HH1224,AD01224,RC11223
HH1225,AD01225,RC11224
HH1226,AD01226,RC11225
HH1227,AD01227,RC11226
HH1228,AD01228,RC11227
HH1229,AD01229,RC11228
HH1230,AD01230,RC11229
HH1231,AD01231,RC11230
HH1232,AD01232,RC11231
HH1233,AD01233,RC11232
HH1234,AD01234,RC11233
HH1235,AD01235,RC11234
HH1236,AD01236,RC11235
HH1237,AD01237,RC11236
HH1238,AD01238,RC11237
HH1239,AD01239,RC11238
HH1240,AD01240,RC11239
HH1241,AD01241,RC11240
HH1242,AD01242,RC11241
HH1243,AD01243,RC11242
HH1244,AD01244,RC11243
HH1245,AD01245,RC11244
HH1246,AD01246,RC11245
HH1247,AD01247,RC11246
HH1248,AD01248,RC11247
HH1249,AD01249,RC11248
HH1250,AD01250,RC11249
HH1251,AD01251,RC11250
HH1252,AD01252,RC11251
HH1253,AD01253,RC11252
HH1254,AD01254,RC11253
HH1255,AD01255,RC11254
HH1256,AD01256,RC11255
HH1257,AD01257,RC11256
HH1258,AD01258,RC11257
HH1259,AD01259,RC11258
HH1260,AD01260,RC11259
HH1261,AD01261,RC11260
HH1262,AD01262,RC11261
HH1263,AD01263,RC11262
HH1264,AD01264,RC11263
HH1265,AD01265,RC11264
HH1266,AD01266,RC11265
HH1267,AD01267,RC11266
HH1268,AD01268,RC11267
HH1269,AD01269,RC11268
HH1270,AD01270,RC11269
HH1271,AD01271,RC11270
HH1272,AD01272,RC11271
HH1273,AD01273,RC11272
HH1274,AD01274,RC11273
HH1275,AD01275,RC11274
HH1276,AD01276,RC11275
HH1277,AD01277,RC11276
HH1278,AD01278,RC11277
HH1279,AD01279,RC11278
HH1280,AD01280,RC11279
HH1281,AD01281,RC11280
HH1282,AD01282,RC11281
HH1283,AD01283,RC11282
HH1284,AD01284,RC11283
HH1285,AD01285,RC11284
HH1286,AD01286,RC11285
HH1287,AD01287,RC11286
HH1288,AD01288,RC11287
HH1289,AD01289,RC11288
HH1290,AD01290,RC11289
HH1291,AD01291,RC11290
HH1292,AD01292,RC11291
HH1293,AD01293,RC11292
HH1294,AD01294,RC11293
HH1295,AD01295,RC11294
HH1296,AD01296,RC11295
HH1297,AD01297,RC11296
HH1298,AD01298,RC11297
HH1299,AD01299,RC11298
HH1300,AD01300,RC11299
HH1301,AD01301,RC11300
HH1302,AD01302,RC11301
HH1303,AD01303,RC11302
HH1304,AD01304,RC11303
HH1305,AD01305,RC11304
HH1306,AD01306,RC11305
HH1307,AD01307,RC11306
HH1308,AD01308,RC11307
HH1309,AD01309,RC11308
HH1310,AD01310,RC11309
HH1311,AD01311,RC11310
HH1312,AD01312,RC11311
HH1313,AD01313,RC11312
HH1314,AD01314,RC11313
HH1315,AD01315,RC11314
HH1316,AD01316,RC11315
HH1317,AD01317,RC11316
HH1318,AD01318,RC11317
HH1319,AD01319,RC11318
HH1320,AD01320,RC11319
HH1321,AD01321,RC11320
HH1322,AD01322,RC11321
HH1323,AD01323,RC11322
HH1324,AD01324,RC11323
HH1325,AD01325,RC11324
HH1326,AD01326,RC11325
HH1327,AD01327,RC11326
HH1328,AD01328,RC11327
HH1329,AD01329,RC11328
HH1330,AD01330,RC11329
HH1331,AD01331,RC11330
HH1332,AD01332,RC11331
HH1333,AD01333,RC11332
HH1334,AD01334,RC11333
HH1335,AD01335,RC11334
HH1336,AD01336,RC11335
HH1337,AD01337,RC11336
HH1338,AD01338,RC11337
HH1339,AD01339,RC11338
HH1340,AD01340,RC11339
HH1341,AD01341,RC11340
HH1342,AD01342,RC11341
HH1343,AD01343,RC11342
HH1344,AD01344,RC11343
HH1345,AD01345,RC11344
HH1346,AD01346,RC11345
HH1347,AD01347,RC11346
HH1348,AD01348,RC11347
HH1349,AD01349,RC11348
HH1350,AD01350,RC11349
HH1351,AD01351,RC11350
HH1352,AD01352,RC11351
HH1353,AD01353,RC11352
HH1354,AD01354,RC11353
HH1355,AD01355,RC11354
HH1356,AD01356,RC11355
HH1357,AD01357,RC11356
HH1358,AD01358,RC11357
HH1359,AD01359,RC11358
HH1360,AD01360,RC11359
HH1361,AD01361,RC11360
HH1362,AD01362,RC11361
HH1363,AD01363,RC11362
HH1364,AD01364,RC11363
HH1365,AD01365,RC11364
HH1366,AD01366,RC11365
HH1367,AD01367,RC11366
HH1368,AD01368,RC11367
HH1369,AD01369,RC11368
HH1370,AD01370,RC11369
HH1371,AD01371,RC11370
HH1372,AD01372,RC11371
HH1373,AD01373,RC11372
HH1374,AD01374,RC11373
HH1375,AD01375,RC11374
HH1376,AD01376,RC11375
HH1377,AD01377,RC11376
HH1378,AD01378,RC11377
HH1379,AD01379,RC11378
HH1380,AD01380,RC11379
HH1381,AD01381,RC11380
HH1382,AD01382,RC11381
HH1383,AD01383,RC11382
HH1384,AD01384,RC11383
HH1385,AD01385,RC11384
HH1386,AD01386,RC11385
HH1387,AD01387,RC11386
HH1388,AD01388,RC11387
HH1389,AD01389,RC11388
HH1390,AD01390,RC11389
HH1391,AD01391,RC11390
HH1392,AD01392,RC11391
HH1393,AD01393,RC11392
HH1394,AD01394,RC11393
HH1395,AD01395,RC11394
HH1396,AD01396,RC11395
HH1397,AD01397,RC11396
HH1398,AD01398,RC11397
HH1399,AD01399,RC11398
HH1400,AD01400,RC11399
